0,"HOT DEALS
@FanPriyankaJaga
·
Dec 27, 2016
#BB10 #PriyankaJagga ke jate hi TRP zero ho http://gayi.LOL
Abb dekho boring ko..
 everybody want to sign me..in big project. Burnol
11
5
8"
1,"Abbey Kruzel
@abb_kruzeI
·
Dec 27, 2016
Happy Birthday Carol
 love you so much hope you have a great day you deserve it
1
1
1"
2,"ABB
@ABBgroupnews
·
Dec 27, 2016
#ICYMI: ABB to enable first digital substation in the United Kingdom | http://ow.ly/RJNp306YcU1
21
25"
3,"Jon Lee #Automation
@jonlee_automate
·
Dec 27, 2016
#automationnews ABB's Dr. Roger Daugherty earns NEMA's Kite & Key Award http://ow.ly/XNPE507XNWM
1"
4,"不等式bot
@Inequalitybot
·
Dec 27, 2016
[169]
4(a+b+c)^3≧27(abb+bcc+caa+abc)
☆5
1
1"
5,"Abby Schultz
@abb__schultz
·
Dec 27, 2016
Never good enough
3
6"
6,"atlas
@paprioette
·
Dec 27, 2016
A new favorite: dusk parallelism (ATLAS Winter) by abb https://soundcloud.com/ghostshoujo2/dusk-parallelism-atlas-winter… on #SoundCloud
1"
7,"Tamara Ferguson
@Tammysdragonfly
·
Dec 27, 2016
GIRL WITH PEN: Review of Slaving Over Christmas by Allyson R. Abb... 
@AllysonRAbbott
#99c #BOOKSPECIALS
http://victoriazumbrumsreviews.blogspot.com/2016/11/review-of-slaving-over-christmas-by.html?spref=tw…
7
2"
8,"abbie porter
@abb_port_
·
Dec 27, 2016
okay time for everyone to go back to jville now
2
5"
9,"ABB Australia
@ABB_Australia
·
Dec 27, 2016
It's the holiday's & #ABB Frank Duggan shares his Smokey Fishcakes recipe http://ow.ly/dxVa307ej5U  via 
@ABBMiddleEast
2
3"
10,"Andrea
@__ABB
·
Dec 28, 2016
Repeatedly got my heart ripped in two in 2016.
11
3"
11,"ABB Cable Protection
@abbcableprotect
·
Dec 27, 2016
Hope everyone enjoyed a christmas break, looking forward to a new year with many new ideas to come from our team! #ABB #Adaptaflex #newyear
1"
12,"ABB North Africa
@ABB_NorthAfrica
·
Dec 27, 2016
As one of the planet's top 100 Innovators, #Innovation in ingrained in the DNA of ABB http://ow.ly/tyzH307sU1y
2"
13,"ΔBRI
@abbbyroad
·
Dec 27, 2016
My sister just called me and started yelling  ""ABB the cars vagina just fell out"" haha
 @lifeasizz
3
4"
14,"...MiHiKa...
@_MsPandey_
·
Dec 27, 2016
Abb aur Romantic tweets nhi...
2
6"
15,"Abbey Kruzel
@abb_kruzeI
·
Dec 27, 2016
Happy Birthday Em 
 Love you so much 
hope you have a great day
1
2"
16,"abbie(◕ᴗ◕✿)
@_abb_ie_
·
Dec 27, 2016
leave abusing xanax in 2016
29"
17,"VoltimumUK
@voltimumuk
·
Dec 27, 2016
ABB’s modern #lighting solutions ensure optimal illumination at the highest #energy #efficiency | http://ow.ly/kPc4306XLdj
1"
18,"Financial Skeptic
@financialskepti
·
Dec 27, 2016
Sell-side is Weighing in on ABB Ltd (NYSE:ABB) Earnings - http://goo.gl/alerts/f4Rm3 #GoogleAlerts"
19,"ABB Electrification UK
@ABBUKEP
·
Dec 27, 2016
ABB Ability™ connects our customers to the power of the Industrial Internet of Things #IIoT. See our success stories http://bit.ly/2dYAYBH
2
1"
20,"Carlie Cardle
@CarlieCardle_
·
Dec 27, 2016
And we're off Japan here we come!! 
 @ScottyCardle
2
1
11"
21,"Abbey Kruzel
@abb_kruzeI
·
Dec 27, 2016
Happy Birthday Em 
 Love you so much 
hope you have a great day
1
2"
22,"abbie(◕ᴗ◕✿)
@_abb_ie_
·
Dec 27, 2016
leave abusing xanax in 2016
29"
23,"VoltimumUK
@voltimumuk
·
Dec 27, 2016
ABB’s modern #lighting solutions ensure optimal illumination at the highest #energy #efficiency | http://ow.ly/kPc4306XLdj
1"
24,"Financial Skeptic
@financialskepti
·
Dec 27, 2016
Sell-side is Weighing in on ABB Ltd (NYSE:ABB) Earnings - http://goo.gl/alerts/f4Rm3 #GoogleAlerts"
25,"ABB Electrification UK
@ABBUKEP
·
Dec 27, 2016
ABB Ability™ connects our customers to the power of the Industrial Internet of Things #IIoT. See our success stories http://bit.ly/2dYAYBH
2
1"
26,"Sandhu
@SANDHUHARKIRAT
·
Dec 27, 2016
#LongLiveSalmanKhan cacha abb toh Shadi krlo long live wale message mil rahe hain Birthday pe 
@BeingSalmanKhan
 HBD "
27,"abbie murphy
@abb_murph
·
Dec 27, 2016
It's acceptable to watch the lion king when your child's not with you isn't it? 
 #askingforafriend
4"
28,"Zaiba
@Zaiba_3o
·
Dec 27, 2016
@manojmuntashir
 How Are You sir?? Phile tho like se app mere Notifs me aajate the... Abb tho o b nahi.. 
2
2"
29,"abbie morgan
@abb_morgan
·
Dec 27, 2016
THE LION KING 
fav film
2"
30,"Ab
@Abb_long
·
Dec 27, 2016
I remember when I could actually listen to Black Beatles & Bad and Boujee, but nope Twitter gotta ruin everything for us
12"
31,"AbbTakk
@AbbTakk
·
Dec 27, 2016
Tonight With Fareeha - 27 December 2016 | Abb Takk News: http://youtu.be/VLDByNFjfZY?a via 
@YouTube
1"
32,"Miami Beach Resort
@MBeachResort
·
Dec 27, 2016
How's your winter looking so far? 
 By @layla_abb http://ift.tt/2hKzVCN
1
1"
33,"Abigail Merritt
@Abb_ayyye
·
Dec 27, 2016
How do they expect me to go back to school after three weeks at home?
4"
34,"Zaiba
@Zaiba_3o
·
Dec 27, 2016
Replying to 
@naughty_nishtha
 and 
@neeshu_panwar
Ohhh... I thought abb main Tumse Question Shuru karunge! 
1
1"
35,"abbs
@abb_melissa
·
Dec 27, 2016
but, i think i'm in love with the thought of us..
3"
36,"Ghost
@Nazirs_Land
·
Dec 27, 2016
Replying to 
@alexys_abb
aint that wat snapchats for
1
2"
37,"Marc Vasconcellos
@PhotogMarc_ent
·
Dec 27, 2016
Brockton 2-alarm fire 304 West st. 2 children 2 adults to hospital @Abb_Burns 
@Brockton_Fire
 @DRUDGE_REPORT
 @NancyWCVB
 @Brockton_EMA
 @cnnbrk
1
3
3"
38,"Marc Vasconcellos
@PhotogMarc_ent
·
Dec 27, 2016
Brockton 2nd alarm house fire West st. 
@Brockton_Fire
 @NancyWCVB
 @BostonNewsMan
 @AllyNECN 
@jessicamreyes
 @benpaulin_ENT @Abb_Burns 
@cnnbrk
3
3"
39,"Carlie Cardle
@CarlieCardle_
·
Dec 27, 2016
And we're off Japan here we come!! 
 @ScottyCardle
2
1
11"
40,"Freya Abbott
@freya_abb
·
Dec 28, 2016
Have fun you two lovely humans 
2"
41,"jared
@jeelliott92
·
Dec 27, 2016
Replying to 
@madsburbidge
guess i know where we stand 
@Nick_Warren28"
42,"jared
@jeelliott92
·
Dec 27, 2016
Nick Warren went to Florida and didn't tell anyone #shitguy
1
2
36"
43,"madsss
@madsburbidge
·
Dec 27, 2016
@abb_foulds shit he told me
1
1"
44,"Abb walker
@abb_walker
·
Dec 27, 2016
Bed bound, so fucking ill
1"
45,"Victoria Kear
@sweetvic09
·
Dec 27, 2016
Awwww babe love you loads. Feel better soon xxx
1"
46,"Åímåń Ali
@Royal_Girl1
·
Dec 27, 2016
Replying to 
@______Saba
abb..phr se try
1"
47,"Mark LC
@MrMark1127
·
Dec 27, 2016
Replying to 
@queenkaylz
 and 
@abb_bayy
ayyyyy I made the cut. 
1
1"
48,"abbey
@abbeydorka_
·
Dec 27, 2016
Replying to 
@abbylemieux1078
thanks Abby love you so much
 abb(e)y squared foreva
1"
49,"Abbey Kruzel
@abb_kruzeI
·
Dec 27, 2016
Happy Birthday Em 
 Love you so much 
hope you have a great day
1
2"
50,"Emily Kitchell
@emkitchell
·
Dec 27, 2016
awww thx abbey love you buddy 
1"
51,"Abbey Kruzel
@abb_kruzeI
·
Dec 27, 2016
Happy Birthday Carol
 love you so much hope you have a great day you deserve it
1
1
1"
52,"Carolyn Hett
@carolynhetttt
·
Dec 27, 2016
ily ab
1"
53,"Amaida baig
@AmaidaBaig
·
Dec 27, 2016
Replying to 
@MouBasherHassan
abb to jana he ho ga.
1
1"
54,"Marc Vasconcellos
@PhotogMarc_ent
·
Dec 27, 2016
Brockton 2nd alarm house fire West st. 
@Brockton_Fire
 @NancyWCVB
 @BostonNewsMan
 @AllyNECN 
@DRUDGE_REPORT
 @benpaulin_ENT @Abb_Burns 
@cnnbrk
3"
55,"liz waylen
@ewaylen
·
Dec 27, 2016
can't wait for our first dance "
56,"isabel
@isabellasanchh
·
Dec 27, 2016
For some odd reason I always kill my abb workouts at freedom rather than pharr.
1"
57,"ABB Australia
@ABB_Australia
·
Dec 27, 2016
Video: Willy Wonka's helpers: the chocolate factory of the future.  https://youtu.be/kEPOe5J73so #ABB #Robots
1"
58,"Ashu ࿗
@asunanda50
·
Dec 27, 2016
Abb ye 2G,,Coal Scam, Commonwealth games scam Augusta westland jaise karne wale #ModiKa_भांडाफोड़ karenge. 
3
1"
59,"6/15.
@ShamarDani
·
Dec 27, 2016
Replying to 
@abb_bbe
& now it's time for me to get some some plaits .. 
1"
60,"abbie porter
@abb_port_
·
Dec 27, 2016
Replying to 
@Lexi_Jade03
i love this and you u go Lexi
2"
61,"Diki Setiawan
@tokoelectra
·
Dec 27, 2016
MCB ABB MINIATURE CIRCUIT BREAKER 35 AMPERE http://fb.me/1318pDBCe"
62,"Mahmoud Shaker
@Ma7moudshaker20
·
Dec 27, 2016
Just posted a photo @ ABB HQ Abu Dhabi https://instagram.com/p/BOgXv_ZAJPu/"
63,"HMV&BOOKS SHIBUYA
@HmvBooksShibuya
·
Dec 27, 2016
【#超特急】本日も7階では超特急盛り盛りで営業中！そして超特急カフェも開店中
展開場所に設置していたユースケくん誕生日メッセージは、おかげさまでパンッパンの愛で埋めつくされました
メッセージはABBさんにお渡しいたしましたよ〜
8号車の皆様、本当にありがとうございました！！
1
79
538"
64,"abbey
@ABB_ra_cadabra
·
Dec 27, 2016
Replying to 
@tbhjuststop
can I skip to the part where I'm a *super successful woman w/ *a great job whose *only source of pleasure ISNT pleasing my man
1"
65,"あべべ(DXハンター)
@abb_a405
·
Dec 27, 2016
昨日は今年最後の踊ってみた動画撮影でした！！

久しぶりの撮影でしたが本当に楽しかった！楽し過ぎてあっという間でした＼(^o^)／
動画は年内にアップするのでお楽しみに！

相変わらずのすごい汗…。
スタジオ内が曇りまくりのこれがスーパーDXハンターの力です！笑
3
7
25"
66,"Treasure by Demand
@Treasure_Demand
·
Dec 27, 2016
› ABB  2600T 266HSHMSBA1VAL18712N2 Pressure Transmitter http://ebay.to/2ibrgx4"
67,"Abb walker
@abb_walker
·
Dec 27, 2016
Guess there's no sleep for me tonight"
68,"あべべ(DXハンター)
@abb_a405
·
Dec 27, 2016
昨日は今年最後の踊ってみた動画撮影でした！！

久しぶりの撮影でしたが本当に楽しかった！楽し過ぎてあっという間でした＼(^o^)／
動画は年内にアップするのでお楽しみに！

相変わらずのすごい汗…。
スタジオ内が曇りまくりのこれがスーパーDXハンターの力です！笑
3
7
25"
69,"Treasure by Demand
@Treasure_Demand
·
Dec 27, 2016
› ABB  2600T 266HSHMSBA1VAL18712N2 Pressure Transmitter http://ebay.to/2ibrgx4"
70,"Abb walker
@abb_walker
·
Dec 27, 2016
Guess there's no sleep for me tonight"
71,"Andrea
@__ABB
·
Dec 27, 2016
Lucky for you, that's what I like.
1
1"
72,"Abby Harper ♡
@abbyhfields_
·
Dec 27, 2016
i feel like i haven't seen 
@shelbyhardwick_
 in forever:((
1
1
1"
73,"shelbs♡
@shelbyhardwick_
·
Dec 27, 2016
ily abb
1"
74,"Skon Family
@Cindy93836874
·
Dec 27, 2016
@Charmander
 I love Def Leppard
Love Bites
And Alice Cooper poison
Book of love by Peter Gabriel
My Abb... https://gab.ai/Cindy/posts/3303115…"
75,"fish
@hunterfish18
·
Dec 27, 2016
Boy I'm a lucky guy 
1
22"
76,"Abbey
@knight_abb
·
Dec 27, 2016
thank god for snap chat filters
1
3"
77,"Tazeem
@TAz_abb
·
Dec 27, 2016
chalo chalo school jao... I'm sleeping "
78,"US Consumer News
@ConsumerFeed
·
Dec 27, 2016
ABB Ltd. $ABB Stake Reduced by Seaward Management Limited Partnership http://zpr.io/PqUjZ"
79,"Co-Branded FinGraphs
@CFingraphs
·
Dec 27, 2016
#ABB http://demo.FinGraphs.com Pot. cont. Uptrend INTRAWEEK 60m-15m-4m combo chart $ABBN $SMI #Trading"
80,"Uncle abb
@Bookiee_Abb
·
Dec 27, 2016
I love when you give me head"
81,"Uncle abb
@Bookiee_Abb
·
Dec 27, 2016
Girl I don't play them ex games"
82,"Robot News
@news4robot
·
Dec 27, 2016
Augmented reality with ABB Robotics - http://robot.onscreengroup.com/augmented-reality-with-abb-robotics/…"
83,"abbie(◕ᴗ◕✿)
@_abb_ie_
·
Dec 27, 2016
Replying to 
@kaity_glassley
kaity we had one last night
1
1"
84,"Grace
@grace_abb
·
Dec 27, 2016
Stress levels at an all time high "
85,"あっぼん@パワプロ
@abb_pw
·
Dec 27, 2016
不屈の魂どこいった？"
86,"Abbey Thompson
@Abb_Thomp
·
Dec 27, 2016
Replying to 
@ArleneDickinson
@emilyhaws
1
1"
87,"Abby Harper ♡
@abbyhfields_
·
Dec 27, 2016
i feel like i haven't seen 
@shelbyhardwick_
 in forever:((
1
1
1"
88,"shelbs♡
@shelbyhardwick_
·
Dec 27, 2016
ily abb
1"
89,"Skon Family
@Cindy93836874
·
Dec 27, 2016
@Charmander
 I love Def Leppard
Love Bites
And Alice Cooper poison
Book of love by Peter Gabriel
My Abb... https://gab.ai/Cindy/posts/3303115…"
90,"fish
@hunterfish18
·
Dec 27, 2016
Boy I'm a lucky guy 
1
22"
91,"Abbey
@knight_abb
·
Dec 27, 2016
thank god for snap chat filters
1
3"
92,"Tazeem
@TAz_abb
·
Dec 27, 2016
chalo chalo school jao... I'm sleeping "
93,"US Consumer News
@ConsumerFeed
·
Dec 27, 2016
ABB Ltd. $ABB Stake Reduced by Seaward Management Limited Partnership http://zpr.io/PqUjZ"
94,"Co-Branded FinGraphs
@CFingraphs
·
Dec 27, 2016
#ABB http://demo.FinGraphs.com Pot. cont. Uptrend INTRAWEEK 60m-15m-4m combo chart $ABBN $SMI #Trading"
95,"Uncle abb
@Bookiee_Abb
·
Dec 27, 2016
I love when you give me head"
96,"Uncle abb
@Bookiee_Abb
·
Dec 27, 2016
Girl I don't play them ex games"
97,"Robot News
@news4robot
·
Dec 27, 2016
Augmented reality with ABB Robotics - http://robot.onscreengroup.com/augmented-reality-with-abb-robotics/…"
98,"abbie(◕ᴗ◕✿)
@_abb_ie_
·
Dec 27, 2016
Replying to 
@kaity_glassley
kaity we had one last night
1
1"
99,"Grace
@grace_abb
·
Dec 27, 2016
Stress levels at an all time high "
100,"あっぼん@パワプロ
@abb_pw
·
Dec 27, 2016
不屈の魂どこいった？"
101,"Abbey Thompson
@Abb_Thomp
·
Dec 27, 2016
Replying to 
@ArleneDickinson
@emilyhaws
1
1"
