username,time,text,tags,locations
Samir.,1h,The 1% blunder: How a simple but fatal math mistake by US Covid-19 experts caused the world to panic and order lockdowns โ RT Op-ed,[],
The Daily Star Lebanon,1h,"Lebanon confirms 415 new COVID-19 cases, four deaths",[],
"Samer Abou-Arbid, MD",1h,"#Covid_19 diaries: All patients in the ED are positive: Trauma, fever, diarrhea, chest pain, pregnant, seizure, anxious, depression, asymptomatic and even self isolating patients since several months.. All are #ููููุฏ_19 positive","['#ููููุฏ_19', '#Covid_19']",
Beirut Drive-by,1h,"The 11th Hour is awesome
 
@BWilliams
  @NYGovCuomo
 & 
@NicolleDWallace
got me through #COVID19 without losing my damn mind or having an aneurysm as I watched 
@realDonaldTrump
 destroy America",['#COVID19'],
invadersinbeirut,2h,"Photo by 
@sarine
.khatcherian Take a picture of a mask or glove, name it, post it and tag 
@invadersinbeir1
  #invadersinbeirut with your location to help protect the environment #photography #photo #covid_19 #maskโฆ https://instagram.com/p/CEzQgawMhcu/?igshid=otjrvgowxc3nโฆ","['#mask', '#invadersinbeirut', '#photography', '#covid_19', '#photo']",
ููุงุฉ ุงูููุงุฏูู,3h,"#ุฅูุฑุงู: ุงูุจุฏุก ุจุงูุนุงู ุงูุฏุฑุงุณู ุงูุฌุฏูุฏ
#ููุฑููุง #covid19","['#covid19', '#ุฅูุฑุงู', '#ููุฑููุง']",
IyadAlMohtar,6h,"ูู ุฌูุงุนุฉ ูุนุชุจุฑูู ุงูู ุงูููุงุจ ููู ุนู ููุดูู ูุงุณ ูุตุงุจูู ุจููุฑูุณ COVID19 ุนุงููุทุงุฑ ุงูุฌุงุฒุุนู ูุทุงูุจูุง ูุญุงุณุจุฉ ุงูููุจ Flash ู ูุนุตุจูู ูููู.ู ูู ูุงูุฌูุงุนุฉุูุงุณ  ูุง ุจุฏู ูุญุงุณุจู ุงูุฏููุฉ ุนูู ุชูุตูุฑูุง ุจุณ ุจุฏู ูุญุงุณุจู ูุฑูู ุฌุงูู ูุณุงุนุฏูุง ุจุจูุงุด ูู ุขุฎุฑ ุงูุฏูู.
#ูู_ููู_ุจุชููุฑู #ุงุฒุฏูุงุฌูุฉ_ุงููุนุงููุฑ_ุจุณุจุจ_ุงูุณูุงุณุฉ","['#ุงุฒุฏูุงุฌูุฉ_ุงููุนุงููุฑ_ุจุณุจุจ_ุงูุณูุงุณุฉ', '#ูู_ููู_ุจุชููุฑู']",
L'Orient-Le Jour,6h,Le bilan de la pandรฉmie de #Covid19 dans le monde ร 11H00 GMT,['#Covid19'],
ุฑูุง,7h,ุงูุดุฎุต ุงููู ุนูุฏู COVID-19 positive ูู ุฃููุชู ูุงุฒู ูุนูุฏ ุงููุญุต ููุนุฑู ุงุฐุง ุตุงุฑ negativeุ,[],
Hamed Nassar,8h,"My preprint is featured on the 
@ResearchGate
 #COVID19 community page. Read it here:",['#COVID19'],
Fadi Daou #WeStandwithBeirut,8h,"This is not from a science fiction film. It's in Singapore airport!
Does it challenge you? For me yes, and feel sad and anxious with this footage #COVID19",['#COVID19'],
๐๐๐๐๐๐,9h,When will covid19 ends?,[],
Gbelaur,9h,"Replying to 
@blxcknicotine
 and 
@saraelgarawany9",[],
Arz Lubnan,10h,"The man has spoken,
Leaders with Lacqua: Vasant Narasimhan, Novartis CEO  [""https://bloomberg.com/news/videos/2020-09-04/leaders-with-lacqua-vasant-narasimhan-novartis-ceo-videoโฆ""]
#Covid19 #Vaccine","['#Covid19', '#Vaccine']",
KEVIN RIVATON,11h,"Gilbert Cisneros (Exotismes) : ""Le Covid-19 aurait pu nous rendre aveugles... et nous ne sommes que borgnes !"" https://tourmag.com/Gilbert-Cisneros-Exotismes-Le-Covid-19-aurait-pu-nous-rendre-aveugles-et-nous-ne-sommes-que-borgnesโฆ _a105102.html",[],
Mhmd Khalil (ุฃุจู ุฒูุฑุงุก),11h,"ูุงูุฐู ูุนุฑุถ ููุฏูู ููุจุงูุบูู ุนูู ุฃูู ูุตุฏุฑ ุฅููุงุกุ ููู ุงูููุช ููุณู ุููู ูุดุงุจู ุจุงูุงุณู ูุชุทุจูู ุชุชุจุน Covid-19 ุงูุฑุณูู.
 
ูุจูุฌุฑุฏ ุงูุชูุฒููุ ุชุญุงูู ุงูุชุทุจููุงุช ุชุซุจูุช ููู ุญุฒูุฉ ุฃูุฏุฑููุฏ ุขุฎุฑ - ูุณุฎุฉ ูุนุฏูุฉ ูู AhMyth Android Remote Access Tool (RAT).",[],
Mhmd,12h,"ุงุนุชูุฏ ุณูุฏูุง ุญุชู ูู ูู ููู ููุงู ูุจุงุก Covid-19 ุชุญุชุงุฌ ููุงูุฉ ุนูุฏูุง ุชุฌุงูุณ ุงูุฌูุงุญ ุงูุณูุงุณู ููุงุฏุฉ ุญูุงุณ.
#ุงูููุงููุฉ",['#ุงูููุงููุฉ'],
,15h,"josepintoj has tested positive for COVID19.

[josepintoj, 
]",[],
Fares Souaid,21h,"ุซูุงุซูุฉ ููุงูุญุฉ covid 19 ูู ุงูุนุงูู ุชุนุชูุฏ ุนูู
-""ูุญุต PCR""
 - ""ุชุญุฏูุฏ ""ุงูุฃุดุฎุงุต ุงูุฐูู ุงูุชููุง ุงููุตุงุจ
 - ุงูุญุฌุฑ
โTester,tracer,isolerโ
ูู ูุจูุงู
ุนุฏุฏ ุงูPCR ุบูุฑ ูุงู
ุชุญุฏูุฏุงูุฃุดุฎุงุต ุงููุนุฑูุถูู ุนุดูุงุฆู
ุงูุญุฌุฑ ููุณ ุชุญุช ุงููุฑุงูุจุฉ
ูุฒูุฑ ุงูุตุญูุฉ ุบุงุฆุจ",[],
Beirut Drive-by,21h,"Write this down. 

Trump will lose by the largest margin in American history. 

He will take the 
@Gop
 Senate with him.

#COVID19
#TrumpIsALoser
@PeteButtigieg
@JamesCarville
@TheRevAl","['#COVID19', '#TrumpIsALoser']",
Elie Abi Najem,21h,"#ุณุฏ_ุจุณุฑู old PUB said once: 90% of our BODY needs WATER
..for wounds we need water..against diarrhea we need water & for DAILY WASH
FACE & HANDS within COVID-19 we need water..NEXT UPCOMING WAR in few years is for WATER NECESSITY..those against the DAM well DAMN on them PERIOD",['#ุณุฏ_ุจุณุฑู'],
Diana E. Jaalouk,22h,"Replying to 
@Cherie_ne",[],
Sara Chang,22h,"Dashboard updated for 5 September #ููุฑููุง_ูุจูุงู #Lebanon #COVID19 / 554,290 total tests; 20,011 total cases; 531 new cases today; 13,956 active cases; 105 currently in ICU; 5,868 total recoveries; 187 total deaths.

For more details: http://tiny.cc/covidlebanon","['#COVID19', '#ููุฑููุง_ูุจูุงู', '#Lebanon']",
Diana E. Jaalouk,23h,"Replying to 
@plus_la_meme
 and 
@MailOnline",[],
Mohamad ุจุงูุฑ,23h,ุฅุฐุง ููุช ุชุณุชุทูุน ุญุจุณ ุฃููุงุณู ุญุชู ุชูุชูู ุงูููุทุฉ ุงูุญูุฑุงุก ูู ุฃ ุฅูู ุจ.  ุฃูุช ููุงูู ููุฃูุฑุงุถ.  ูุฐุง ุฅุฎุชุจุงุฑ COVID ูกูฉ.  ุดูุฑ!,[],
WHO Lebanon,Sep 5,"WHO Lebanon daily brief on #coronavirus with special section on ""Protecting Women and Girls in Lebanonโs COVID-19 Community Isolation Centers""",['#coronavirus'],
Diana E. Jaalouk,Sep 5,"""ููุฏุฑ ุงูุฎุจุฑุงุก ุฃู ูุตู ุญุงูุงุช ุงูุชูุงุจ ุนุถูุฉ ุงูููุจ ูุชู ุญููุง ุฏูู ูุถุงุนูุงุช ูุฒููุฉ ุ ููู ุงูุนุฏูุฏ ูู ุงูุฏุฑุงุณุงุช ุชุดูุฑ ุฅูู ุฃู ูุฑุถู COVID-19 ุชุธูุฑ ุนูููู ุนูุงูุงุช ุงูุญุงูุฉ ุจุนุฏ ุฃุดูุฑ ูู ุงูุฅุตุงุจุฉ ุจุงูููุฑูุณ.""",[],
Ekher El Akhbar,Sep 5,"ุฎููุฉ ุฃุฒูุฉ ููุฑููุง ูู #ุฒุบุฑุชุง: 9 ุญุงูุงุช ุฅูุฌุงุจูุฉ ูู ุงู 24 ุณุงุนุฉ 

http://EkherElAkhbar.com/news/78865/
#Covid_19 #Lebanon","['#Covid_19', '#Lebanon', '#ุฒุบุฑุชุง']",
Asaad,Sep 5,Kelna natrin 2021 as if covid19 expires in December 31st ,[],
UNIC Beirut,Sep 5,"#Misinformation does real damage. Pause before you share something #online to make sure you don't cause someone harm. 

#takecarebeforeyoushare
#COVID19","['#takecarebeforeyoushare', '#COVID19', '#Misinformation', '#online']",
Lawrence of Arabia,Sep 5,"ูุง ุดูุงุชุฉ ุทูุฒู ููู ูุง ุฌุจุฑุงู ุจุงุณูู #ุณุฏ_ุจุณุฑู #Covid_19 #NBAPlayoffs
 #ุงูุถููุฉ_ุชุญุชุฑู #ูุจูุงู #ูุจูุงู_ููุชูุถ","['#ุณุฏ_ุจุณุฑู', '#ูุจูุงู_ููุชูุถ', '#ูุจูุงู', '#NBAPlayoffs', '#Covid_19', '#ุงูุถููุฉ_ุชุญุชุฑู']",
Sara Chang,Sep 5,"New addition to 
@WHOLebanon
 report: # isolation sites, # nurses deployed, # nurses days. For 4 September, these are 6, 57, and 1,048 respectively. #COVID19 #Lebanon","['#COVID19', '#Lebanon']",
Amanda,Sep 5,"#Austria, you hosted a #JCPOA meeting.Participants expressed their solidarity with all countries affected 
@rafaelmgrossi
 and addressed the outbreak, 2 of your citizens remain hostage in Iran on bogus charges, risk of getting #COVID19 
@stefanfjscholz
 #FreeKamranGhaderi #FreeMassud","['#COVID19', '#FreeMassud', '#FreeKamranGhaderi', '#JCPOA', '#Austria']",
afaf,Sep 4,"Replying to 
@layal_alekhtiar",[],
Rola Sinno,Sep 4,"Rattle your jewelry my dear 
@SethridaGeagea
#ุงููุฌุงุฑ_ุงููุฑูุฃ
#Covid_19
#ุจูุฑูุช
#ูุจูุงู
#ุงููุฌุงุฑ_ูุฑูุฃ_ุจูุฑูุช","['#ุงููุฌุงุฑ_ุงููุฑูุฃ', '#ุงููุฌุงุฑ_ูุฑูุฃ_ุจูุฑูุช', '#ูุจูุงู', '#Covid_19', '#ุจูุฑูุช']",
WHO Lebanon,Sep 4,"WHO Lebanon daily brief on #coronavirus with special section on ""Community isolation centers set up to cope with COVID-19 outbreak""",['#coronavirus'],
UNDP Lebanon,Sep 4,"Join our webinar, in partnership w/ 
@executivemag
, on Transparency & Accountability in International Assistance, a timely theme considering the countryโs need for assistance in the aftermath of #BeirutBlast & the response to #COVID19. 

Register here: https://conta.cc/3jNAXgO","['#COVID19', '#BeirutBlast']",
Gbelaur,Sep 4,"Replying to 
@igobylilith",[],
The Daily Star Lebanon,Sep 4,"Lebanon confirms 527 COVID-19 cases, four new deaths",[],
KARAM PETER,Sep 4,The #HealthMinistry is trying to convince us that more than 600 people are getting tested positively for #Covid_19 #ูุฒุงุฑุฉ_ุงูุตุญุฉ_ุชุฌุงุฑูุฉ,"['#ูุฒุงุฑุฉ_ุงูุตุญุฉ_ุชุฌุงุฑูุฉ', '#HealthMinistry', '#Covid_19']",
invadersinbeirut,Sep 4,"Photo by elie.k.badr Take a picture of a mask or glove, name it, post it and tag 
@invadersinbeir1
  #invadersinbeirut with your location to help protect the environment #photography #photo #covid_19 #mask #glovesโฆ https://instagram.com/p/CEuLHLCps3F/?igshid=197hmy91zp3v5โฆ","['#mask', '#invadersinbeirut', '#gloves', '#photography', '#covid_19', '#photo']",
Nabil Najd,Sep 4,Germany will not issue study visas if programmes have transitioned online due to COVID-19 http://dlvr.it/RfzXdw,[],
UNIC Beirut,Sep 4,"Pandemics such as #COVID19 can push communities & populations further into #poverty. 

We have to make sure that the most vulnerable are protected.

#Goal1 #SDG1 #DecadeofAction #GlobalGoals #SDGs","['#Goal1', '#COVID19', '#GlobalGoals', '#DecadeofAction', '#SDG1', '#poverty', '#SDGs']",
Lawrence of Arabia,Sep 4,"ูุง ุฑุจ ุฎูุฏ ูู ูุจุถ ุฅููู ุญุงุทุท ุงููุณุชูุฏุงุช ุจุงูุฏุฑุฌ ู ุฃุนุทูู #ูุจุถ_ุจูุฑูุช #Covid_19 #TheBoys
 #TheBoys
 #Right_for_Me #Lebanon #hayirlicumalar #ุฌูุนุฉ_ูุจุงุฑูุฉ","['#hayirlicumalar', '#TheBoys', '#ุฌูุนุฉ_ูุจุงุฑูุฉ', '#ูุจุถ_ุจูุฑูุช', '#Lebanon', '#Right_for_Me', '#Covid_19']",
Habib Ghorra,Sep 4,Just to let you know I had the Russian Covid19 vaccination yesterday and can tell you there are absolutely no negative sideffski efectovski secundariosvki ะัะพ ะผะพะถะตั ััะพ ะฟัะพัะธัะฐัั ะะฑะพะถะฐั ะะปะฐะดะธะผะธัะฐ ะััะธะฝะฐ! #Covid_19 #COVID,"['#COVID', '#Covid_19']",
ูุคุณูุณุฉ ุงูููุฑ ุงูุนุฑุจู,Sep 4,"ุงุชูุฎุฐุช ูุคุณูุณุงุช #ุงูุนูู ูู ุงูุนุงููู #ุงูุนุฑุจู ุชุฏุงุจูุฑ ุญุงุณูุฉ ููุญุฏู ูู ุงูุชุดุงุฑ #ููุฑููุงุ ุชุนุฑูููุง ุฅูููุง (1/1)
#ุงุนุฒููุง_ุงููุจุงุก #ูุคุณุณุฉ_ุงูููุฑ_ุงูุนุฑุจู #ููุฑูุณ_ููุฑููุง #COVID19","['#ุงูุนุฑุจู', '#ูุคุณุณุฉ_ุงูููุฑ_ุงูุนุฑุจู', '#ููุฑููุง', '#COVID19', '#ุงุนุฒููุง_ุงููุจุงุก', '#ููุฑูุณ_ููุฑููุง', '#ุงูุนูู']",
Amanda,Sep 4,"#COVID19 is still threatening the world, plus the lives of the innocent hostages stockpiled in Evin Prison #Iran, Sign and share this petition to help #KamranGhaderi

He was arbitrarily arrested & jailed 
@rafaelmgrossi
 @stefanfjscholz
#FreeKamranGhaderi
 https://action.amnesty.at/iran-10-jahre-gefaengnis-fuer-oesterreicher?refsid=208379โฆ","['#COVID19', '#Iran', '#FreeKamranGhaderi', '#KamranGhaderi']",
L'Orient-Le Jour,Sep 4,#Covid19 : pas de #vaccination gรฉnรฉralisรฉe avant mi-2021 selon l' #OMS,"['#Covid19', '#vaccination', '#OMS']",
Sara Chang,Sep 4,"""The blast resulted in some people moving to overcrowded housing situations, โ interactions due to relief efforts, & higher #'s of patients & health personnel in healthcare facilities."" I spoke w/ 
@lea_corr
 about the impact of the #BeirutBlast on #COVID19 in #Lebanon.","['#COVID19', '#Lebanon', '#BeirutBlast']",
Sarah Sfeir,Sep 4,Good news: a French team is working on a Nasal spray that can neutralise Covid-19 with one dose every 3 hours ,[],
Dr. Mazen El Sayed,Sep 4,"ูุนุงูู ุญูุงูู ูกูฅูช ูู ูุฑุถู ุงูููุฑููุง ูู ุงุตุงุจุฉ ุงูุฑุฆุชูู ุจุฏุฑุฌุงุช ูุฎุชููุฉ... ูู ุงูููุฏูู ุณูุงุฏ ุงูุฑุฆุชูู ูุชุญููู ุงูู ุจูุงุถ ุจุณุจุจ ุงูููุฑูุณ ูููุณูุจูุจ ุถูู ููุณ ุญุงุฏ ูุงูุฎูุงุถ ุจูุนุฏู ุงูุฃูุณุฌูู... 
ููุฑูุณ ุงูููุฑููุง ููุซุจูุช ูููุง ุจุนุฏ ููู ุฃูู ููุณ ูุบูุฑู ูู ููุฑูุณุงุช ุงูุฑุดุญ ุฃู ุงูุฒูุงู...ุงูุชุจููุง
#ููุฑููุง_ูุจูุงู #Covid_19","['#ููุฑููุง_ูุจูุงู', '#Covid_19']",
AUB Global Health,Sep 4,"Join NGOiโs virtual panel with renowned speakers from 
@WHO
, 
@UNHCRLebanon
 & 
@UNRWA
 for a discussion on the role of NGOs in responding to COVID-19 among vulnerable populations. Register here by September 9: http://forms.gle/UqxAvf5v68MEgJCXAโฆ",[],
Ed Barnett,Sep 4,"Thanks 
@UKMed_NGO
 for your fantastic work to support healthworkers and public hospitals in 
 in their efforts to respond to the #COVID19 pandemic, working with 
@WHOLebanon",['#COVID19'],
Elias Lakkis,Sep 4,"German Cases Of Covid-19 Rise 782 To 246,948 - RKI",[],
Beirut Drive-by,Sep 4,"Atlanta based 
@Delta
 Airlines is responding with grace and excellence.
#SkyTeam
#MyAirline

#Covid_19
#BlackLivesMatter","['#SkyTeam', '#BlackLivesMatter', '#MyAirline', '#Covid_19']",
WHO Lebanon,Sep 3,"WHO Lebanon daily brief on #coronavirus with special section on ""Tourism in the times of COVID-19""",['#coronavirus'],
The Daily Star Lebanon,Sep 3,"Lebanon records 588 COVID-19 cases, 2 deaths",[],
Yeghia Tashjian,Sep 3,"So after getting in contact with infected relative, tested twice negative, 16th day started to have symptoms, fever 39.5, lost taste, respiratory issues... was literally dying and got hospitalized. Today tested neg and returning back home. 
 I beat #COVID19, #WearMasks ","['#COVID19', '#WearMasks']",
Lamis Jomaa,Sep 3,"Replying to 
@Dr_S_Kharroubi",[],
carine,Sep 3,ok. im done playing nice. I HOPE THAT EVERY PERSON THAT IS GOING OUT AND HAVING FUN WHILE SOME PPL (ME) HAVE BEEN STUCK AT HOME FOR 62922729 days GET SICK WITH COVID 19,[],
GABY ELIAS KANJ,Sep 3,"#Sanofi and #Glaxo Start Human Trials for #Covid_19 Vaccine.
#coronavirus
https://bloomberg.com/news/articles/2020-09-03/sanofi-starts-trials-of-covid-19-shot-after-early-data-impressesโฆ

via 
@GoogleNews","['#Sanofi', '#coronavirus', '#Glaxo', '#Covid_19']",
ุฒูููู Zenon,Sep 3,ุงุฐุง ุชุงุจุนุฉ ููู ูุนูู ุจุณ ุงุฐุง ูุด ุชุงุจุนุฉ ููู ุจุชุตูุฑ ูุง ุจุชุณูู #ููุฑููุง #Covid_19,"['#Covid_19', '#ููุฑููุง']",
ิฑีฌีซีฝีซีก,Sep 3,"So, LU just asked us to bring our own fans for the on-campus exams we have next week (yes, during skyrocketing cases of COVID-19) because the air conditioners in the classrooms are not working...

The level of inadequacy this university reaches everyday is beyond me...",[],
Baptiste Laigle,Sep 3,#TestCovid #PCR systรฉmatique ร lโarrivรฉe sur le sol libanais ร #Beyrouth #Liban #Beirut #coronavirus #Covid_19 #MiddleEast,"['#Beirut', '#PCR', '#Beyrouth', '#Liban', '#MiddleEast', '#Covid_19', '#TestCovid', '#coronavirus']",
ACSS,Sep 3,"ACSS Survey!
The Arab Council for the Social Sciences launched a survey regarding the impact of COVID-19 on the social science and humanities community in the Arab region. Survey link: https://surveymonkey.com/r/N78PTZW
Your collaboration is important for the success of this endeavour!",[],
ุถุญู ุดูุณ,Sep 3,"En #arabie_saoudite , des centaines d' #รthiopiens enfermรฉs dans d'รฉpouvantables centres #Covid_19  http://rfi.my/6USj.T via 
@RFI","['#arabie_saoudite', '#รthiopiens', '#Covid_19']",
Lebanese Freelancers,Sep 3,"Get informed of the benefits of building a freelancing career today. 
Apply now, link: https://lebanesefreelancers.com

#Freelance #Lebanon #Opportunities #Lebanesefreelancers #onlinejobs #covid19 #whyfreelance #freelancer","['#covid19', '#Lebanon', '#Lebanesefreelancers', '#Freelance', '#freelancer', '#Opportunities', '#onlinejobs', '#whyfreelance']",
UNIC Beirut,Sep 3,"Tackling global challenges requires everyoneโs participation.

#COVID19 is NO EXCEPTION
#Coronavirus #Goal16 #SDG16 #GlobalGoals #SDGs","['#COVID19', '#GlobalGoals', '#SDG16', '#Coronavirus', '#Goal16', '#SDGs']",
Danielle Kozah,Sep 3,"ุงูุณุคุงู ุงูุดููุฑ"" ุจุชุนุฑู ุญุฏุง ูุนู ููุฑููุงุุุ""
ูู ูกู ุงูุงู ุจูุง ุชูููุฑ ูููุง ุฏุบุฑู ูููู ูุงุก ูุง ููุนุฑู.
ุงูููู ุตุฑูุง ูุนุฑู ููุณูุน ุนู ุงุตุญุงุจูุง ููุนุงุฑููุง ุงูุตุงุจูุง ุจุงูููุฑููุง. ููููุง ุชุณุฃูู ูู ูุฌุน ุจููููููู ุญุฑุงุฑุฉ ูุฌุณู ููุฏูุฏ ููุฏุง ุงุฐุง ูุง ูุงููุง ููุฌูุนูู.
ุจุดุฑููู ุงูุชุจููุง ูุด ูุงูุตูุง ูุฌุน 
#COVID19 #ููุฑููุง","['#COVID19', '#ููุฑููุง']",
K2P Center-AUB,Sep 3,"We are excited to announce that our webinar on #DigitalHealth is rescheduled to Thursday September 17 at 5 pm Beirut time. Register now to learn more on the role of digital #health in responding to the #COVID19 pandemic.
Join us by registering to this link https://bit.ly/31Qt2JH","['#COVID19', '#health', '#DigitalHealth']",
Kataeb.org English,Sep 3,Reuters: Singapore detects new COVID-19 clusters at migrant worker dormitories,[],
Sar,Sep 3,"Out of here. This place has turned into a shitplace. That being said, those who think they are spreading awareness related to COVID 19 or countryโs situation - please take a moment before posting things and think about the receiving end and itโs impact. You cause people to break.",[],
Mirna stuck in B city,Sep 3,Intubation #Covid_19,['#Covid_19'],
ูุคุณูุณุฉ ุงูููุฑ ุงูุนุฑุจู,Sep 3,"#ุงูุชูููููุฌูุง ุงูุฃูุซุฑ ุฌุงูุฒูุฉ ุนุงููููุงู ูุฅูุนุงุด ูุทุงุน #ุงูุนูู ูู ุธูู ุชูุดูู #ููุฑููุง
#ุงุนุฒููุง_ุงููุจุงุก #ูุคุณุณุฉ_ุงูููุฑ_ุงูุนุฑุจู #ููุฑูุณ_ููุฑููุง #COVID19
ููููููู ูุฑุงุกุฉ ุงูููุงู ูุงููุงู ุนุจุฑ 
https://bit.ly/3jGa5zj","['#ูุคุณุณุฉ_ุงูููุฑ_ุงูุนุฑุจู', '#ููุฑููุง', '#COVID19', '#ุงุนุฒููุง_ุงููุจุงุก', '#ุงูุชูููููุฌูุง', '#ููุฑูุณ_ููุฑููุง', '#ุงูุนูู']",
Hanaa Itani,Sep 3,"I have tested positive for corona virus. Thank you september 
#COVID19 #coronavirus #prayforme","['#COVID19', '#prayforme', '#coronavirus']",
Nabil Najd,Sep 2,Canada expands post-graduate work permit eligibility for students impacted by COVID-19 http://dlvr.it/RfrpnV,[],
MSFEA,Sep 2,"What kind of world do we want to live in? Proud of #MSFEA's Perla Chaar doing what she loves and making a difference in response to the #covid19 pandemic from the Red Room makerspace. 
@AUB_Lebanon
 #COVID19FABLAB #WomenInSTEM","['#covid19', '#MSFEA', '#WomenInSTEM', '#COVID19FABLAB']",
Hussein Rasheed,Sep 2,"Covid   999999 her we go , thank you China #COVID__19",['#COVID__19'],
basmeh-zeitooneh,Sep 2,"In March 2020, #Lebanon went into a complete lockdown due to the outbreak of #Covid_19.
For the safety of our students and #teachers we decided to close our #learning centers in #Shatila and #Bekaa and we started our online education. 
Check out 
https://instagram.com/p/CEmJ9bWpsza/?igshid=1f9yl8gp6hbnwโฆ","['#Bekaa', '#learning', '#Lebanon', '#Shatila', '#Covid_19', '#teachers']",
Noura,Sep 2,The hospitals where Covid-19 sufferers wait for others to die before they can be put on a respirator,[],
Muhammad Helmi ๏ฃฟ,Sep 2,Join me in stopping the spread of COVID-19! Download #Ma3an App! https://apple.co/2QJbuJ6,['#Ma3an'],
AUBMC,Sep 2,"#COVID19 daily figures tested at AUBMC. #coronavirus

To know more about #corona virus, go to http://bit.ly/AUBMCcovid","['#COVID19', '#corona', '#coronavirus']",
KIM,Sep 2,"@AssalaLamaa
 ูุฑุญุจุง 
ูู ุณูุญุชู ุณุคุงูุ
ุจูุง ุงู ุงู covid-19 ูุชูุงุฌุฏ ูู ุฌูุงุฒ ุงูุชููุณ ูููุชูู ุฅูู ุงูุฅูุณุงู ุนุจุฑ ุงูููุณ ูู ุฎูุงู ุงููู ุงู ุงูุฃููุ  ูููุงุฐุง ูู ูุฐู ุงูุฅุฌุฑุงุกุงุช ุงููุจุงูุบ ูููุง ุงูุชู ูุฑุงูุง ุจุงูุฏููุ
ุทุงููุง ุฃู ุงููุชููู ูุง ูุชููุณุ ููุงุฐุง ูููู ุจุนุฏุฉ ุงููุงุณ ูุชุงุจูุช ุงุญูุงูุง ููุจุฑ ุนูู ุนูู ูฃ ุงูุชุงุฑุ
ุดูุฑุง",[],
Razy,Sep 2,I was planning for my future for almost 2 years but everything blew up because of the covid 19 and $ situation. I am so disappointed.,[],
Joelle Bassoul,Sep 2,"While kids around the
are #BackToSchool in challenging #Covid19 times, we got
from our #Beirut school:

'Dear parents,
The school was very impacted by the blast shock wave. Like all buildings close to the port, windows, doors and ceilings were damaged. Repairs are ongoing.'","['#Covid19', '#Beirut', '#BackToSchool']",
LFA Lebanon,Sep 2,"Fighting COVID-19 Together 
The second batch of โCovid-19 Compliance Inspection Resultsโ, through โmystery shopperโ visits to restaurants and retail establishments, has come in. https://buff.ly/32SExzo 
#franchise #lebanon #COVID19","['#franchise', '#COVID19', '#lebanon']",
Beirut.com,Sep 2,In support of the hospital's exceptional efforts in combating COVID-19.,[],
Abed R. Fawzi,Sep 2,"Replying to 
@Malakhaled",[],
Malak Khaled,Sep 2,"Covid 19 Negative
ูุงุฎูุฑุง ุฎุจุฑ ุญูู ุจูู ูขููขู",[],
KEVIN RIVATON,Sep 2,Tourisme et Covid-19 : les guides-confรฉrenciers corses dans l'impasse - Corse Net Infos,[],
Sara Chang,Sep 2,"New on today's 
@WHOLebanon
 report - total occupancy of beds dedicated to #COVID19, which today = 57.91%. With 344 currently hospitalized, that means there are 594 COVID-19 beds in #Lebanon. It was previously reported by the same agency that 1,267 were operational in July.","['#COVID19', '#Lebanon']",
Alain ุฏูุนุงู,Sep 2,Tested negative for COVID-19. And the will to live.,[],
Beirut.com,Sep 1,Macron: France will donate 7 million euros to Rafic Hariri University Hospital to support its exceptional efforts in combating #Covid_19. #Lebanon,"['#Covid_19', '#Lebanon']",
Kareem Chehayeb | ูุฑูู ุดููุจ,Sep 1,"#France will donate 7 million euros to Rafic Hariri University Hospital in #Beirut for its ""exceptional work in combating #Covid_19""

French President Macron met with 
@firassabiad
 and his team earlier today. 

#Lebanon","['#Beirut', '#France', '#Lebanon', '#Covid_19']",
Rรฉmy Rioux,Sep 1,"Visite de lโhรดpital Rafic Hariri, rรฉfรฉrence #COVID19 et aprรจs lโexplosion, et de la rรฉserve de cรจdres de Jaj. Merci ร 
@EmmanuelMacron
 pour sa confiance ! Et ร toute lโรฉquipe 
@AFD_France
 au Liban 
 pour son magnifique travail avec la sociรฉtรฉ civile ! 
@Olivierray
 @ArthurGermond",['#COVID19'],
LBCI Lebanon News EN,Sep 1,Back to #school: how European classrooms are coping with #COVID19 | https://lbcgroup.tv/news/regional/545025/back-to-school-how-european-classrooms-are-coping/enโฆ | #Europe,"['#COVID19', '#Europe', '#school']",
AUBMC,Sep 1,"#COVID19 daily figures tested at AUBMC. #coronavirus

To know more about #corona virus, go to http://bit.ly/AUBMCcovid","['#COVID19', '#corona', '#coronavirus']",
UNIC Beirut,Sep 1,"No more tragedies in Lebanon. 

We need each other to rebuild our homes #Together.    
 
We cannot support our beloved ones if we get sick. 

#StayHealthy Stay away from COVID-19: wash your hands frequently, keep physical distance of at least one meter, wear a mask.","['#StayHealthy', '#Together']",
Clemenceau Medical Center-Beirut,Sep 1,COVID-19 Updates: Part 1,[],
Jasmin Lilian Diab,Sep 1,"My article ""Migration, #Refugees and Illegal Routes in Times of Health Crisis: The Case of the #Lebanon-Syria Border"" published in the Journal of Leadership, Accountability & Ethics, explores border management in times of #COVID19 amid irregular migration: https://bit.ly/3jxmF3R","['#Refugees', '#COVID19', '#Lebanon']",
Cyril Joudieh (ีีซึีซีฌ ีีฅึีฅึีตีกีถ),Sep 1,"Replying to 
@ElzaSeferian",[],
Ely Akiki,Sep 1,First concert after #covid19 ,['#covid19'],
Nour,Sep 1,"Replying to 
@AlArabiya_Eng",[],
ุฌู ุงูุจูุงุฑู,Sep 1,"Replying to 
@realDonaldTrump",[],
Sara Chang,Aug 31,"Dashboard updated for 30 August #ููุฑููุง_ูุจูุงู #Lebanon #COVID19 / 507,599 total tests; 16,870 total cases; 595 new cases today; 12,053 active cases; 93 currently in ICU; 4,657 total recoveries; 160 total deaths.

For more details: http://tiny.cc/covidlebanon","['#COVID19', '#ููุฑููุง_ูุจูุงู', '#Lebanon']",
ArabAd,Aug 31,".
@allaguiIlhem
 identifies key trends & new opportunities in Qatar accelerated by COVID-19 as she speaks of the change which have put the marcom industry on a path where transformation was a necessity.",[],
"Zahi Abdul Sater, PhD",Aug 31,"Unfortunately, Lebanon witnessed a 243% increase in cases since Aug 1, ranking 3rd among Arab countries. From 4555 to 15613 cases in Lebanon compared to 15232 to 28110 in Palestine and 3222 to 12629 in Libya. Vulnerable Arab regions are witnessing the gripping effect of COVID-19",[],
Malek AL Jamal ( ูุงูู ุงูุฌูู),Aug 31,"Negative interest rates and now #MMT, it tells a lot about the impact of the 2008 crisis on the global economy . 

#COVID19 might lead to radical social and economic ideology shifts and the rise of similar ideas.","['#COVID19', '#MMT']",
WHO Lebanon,Aug 31,"WHO Lebanon daily brief on #coronavirus with special section on ""Environmental Surveillance for COVID-19.""",['#coronavirus'],
LBCI Lebanon News EN,Aug 31,#EU offers 400 mln euros to #WHO-led #COVID19 #vaccine initiative | https://lbcgroup.tv/news/regional/544821/eu-offers-400-mln-euros-to-who-led-covid-19-vaccin/enโฆ |,"['#COVID19', '#WHO', '#vaccine', '#EU']",
Walid Btaddini,Aug 31,"Replying to 
@realDonaldTrump",[],
LFA Lebanon,Aug 31,"The LFA is very pleased that the first batch of โCovid-19 Compliance Inspection Resultsโ, through โmystery shopperโ visits to restaurants and retail establishments, has indicated the highest levels of compliance with safety guidelines. https://buff.ly/2QFpfIK",[],
Boell Middle East,Aug 31,"The Assad regime is suffering a massive outbreakโand burying the bodies in silence.
#Syria #War #Sanctions #Covid19
@ForeignPolicy","['#Covid19', '#Sanctions', '#Syria', '#War']",
KEVIN RIVATON,Aug 31,Le Covid-19 coรปtera au tourisme mondial au moins deux mille milliards de dollars - http://LaQuotidienne.fr,[],
The Alliance of Migrant Domestic Workers LB,Aug 31,"In Lebanon, Migrant Domestic Workers no longer have enough to eat. Portions decreased by half for most women living with their employers. Those who have been abandoned on the street have nothing left. It's not the #COVID19  that's going to kill us, it's starvation.",['#COVID19'],
Ziad Marcos,Aug 31,"COVID-19 a Myth Vs Fact sometimes I wonder if corona was created to speed up the process of moving rapidly to the digital online world, technologies cryptocurrency online shopping & working from home, our life before COVID-19 isnt going to be the same after, adapt & move forward.",[],
UNIC Beirut,Aug 31,"No more tragedies in Lebanon. 

We need each other to rebuild our homes #Together     

We cannot support our beloved ones if we get sick. 

#StayHealthy Stay away from #COVID19: wash your hands frequently, keep physical distance of at least one meter, wear a mask.","['#COVID19', '#StayHealthy', '#Together']",
AUB Global Health,Aug 31,"In August, the highest percent increase in reported #COVID19 cases in the #ArabWorld were in Libya (292%), Syria (247%), Lebanon (243%) and Morocco (140%)","['#COVID19', '#ArabWorld']",
๐๐๐๐๐๐,Aug 31,Today might be the Independence Day for the Malaya but I personally hope today will also going to be the remarkable day to all of us to be independence from the covid19 virus! Please leave.,[],
Sharif Ismail,Aug 31,"Our two new preprints out on 
@medrxiv
, the results of a large systematic review on #immune response to #COVID19 #SARS_CoV_2, based on evidence published since Jan 2020. Paper links + some snapshots below [NB not peer reviewed]","['#COVID19', '#SARS_CoV_2', '#immune']",
News in Lebanon,Aug 31,"Lebanon records 595 new COVID-19 cases, five deaths amid subdued Ashura http://dlvr.it/Rfflxy Via 
@DailyStarLeb",[],
Mary Henningsen,Aug 31,"https://story.californiasunday.com/covid-life-care-center-kirkland-washingtonโฆ . This is a true crisis (has been for decades), exacerbated & exposed by Covid-19.   Immediate action is needed. Few administrations (state or fed) have proven up to the task.  A must read for everyone. Thank you to the authors of this in-depth story.",[],
Nour Mahdi,Aug 31,"Unlike in Lebanon, everyone is getting married to be โCovid-19, economic crisis and currency devaluation...โ or not to be.",[],
Digambara Patra,Aug 30,"Replying to 
@CMO_Odisha
 @HFWOdisha
 and 
@Naveen_Odisha",[],
The Daily Star Lebanon,Aug 30,"Lebanon records 595 new COVID-19 cases, five deaths amid subdued Ashura",[],
UNIC Beirut,Aug 30,"The people in #Lebanon cannot afford more tragedies.  

How can we support each other if we get sick? 

We need to stay away from #COVID19 
#StayHealthy: wash your hands frequently, keep physical distance of at least one meter, wear a mask.","['#COVID19', '#Lebanon', '#StayHealthy']",
ุงูุณูุฏ ูุญูุฏ ุญุณูู ูุถู ุงููู (ุฑุถ),Aug 30,"ูุคูุฏ ุฃูู ุฅุฌุฑุงุก ุชุชุฎุฏู ุงูุฏููุฉ ููุญุฏ ูู ุงูุชุดุงุฑ #ููุฑูุณ_ููุฑููุงุ 
ููู :
ุงูุนูุงูุฉ #ุงูุณูุฏ_ุนูู_ูุถู_ุงููู ููุชุทู ูู #ุฎุทุจุฉ_ุงูุฌูุนุฉ
#ูุจูุงู
#covid19
#ุจููุงุช","['#ุงูุณูุฏ_ุนูู_ูุถู_ุงููู', '#ุฎุทุจุฉ_ุงูุฌูุนุฉ', '#ุจููุงุช', '#covid19', '#ูุจูุงู', '#ููุฑูุณ_ููุฑููุง']",
ูุคุณูุณุฉ ุงูููุฑ ุงูุนุฑุจู,Aug 30,"ุฅุฌุฑุงุกุงุช ุงุญุชุฑุงุฒูุฉ ููุจุบู ุงุชุฎุงุฐูุง ุนูู ูุชู ุงูุทุงุฆุฑุงุช ุฎูุงู ุฌุงุฆุญุฉ #ููุฑููุง (1/1)
#ุงุนุฒููุง_ุงููุจุงุก #ูุคุณุณุฉ_ุงูููุฑ_ุงูุนุฑุจู #ููุฑูุณ_ููุฑููุง #COVID19","['#ูุคุณุณุฉ_ุงูููุฑ_ุงูุนุฑุจู', '#ููุฑููุง', '#COVID19', '#ุงุนุฒููุง_ุงููุจุงุก', '#ููุฑูุณ_ููุฑููุง']",
Sar,Aug 30,How reliable is Pcr test after 5/6 days of contact with a person who has COVID-19 ?,[],
Lara Snaifer,Aug 30,"Despite the catastrophic situation in #Lebanon we still can say we are ok. Many people say we want to immigrate, well do you know that all countries are facing a severe economic situation and by end of year unemployment will be a burden due to #COVID19. Just let #Lebanese be free","['#COVID19', '#Lebanese', '#Lebanon']",
L'Orient-Le Jour,Aug 30,"Masques, gants, larmes: une #Achoura inรฉdite en #Irak, Covid-19 oblige","['#Irak', '#Achoura']",
Michael Young,Aug 30,"Replying to 
@jabirached_",[],
INARA,Aug 30,Make a change during this weekend by donating to #INARA so we can help Syrian refugees to fight #COVID-19. http://bit.ly/2z1Kf6y,"['#COVID', '#INARA']",
Lebanese Bonkers,Aug 30,"Replying to 
@CharbelHage12",[],
N IDEA,Aug 30,"Est-ce que vous pensez que le tรฉlรฉtravail est devenu indispensable aprรจs la Covid-19 ?
#workfromhome #coronavirus #covid_19 #crm #website #ecommerce  #online #nideaonline https://instagram.com/p/CEfTMcIhVWc/?igshid=5ypdss9k3f8lโฆ","['#website', '#nideaonline', '#online', '#workfromhome', '#covid_19', '#crm', '#coronavirus', '#ecommerce']",
Sara Chang,Aug 30,"In looking at key indicators for COVID-19 data in Lebanon, what are you most interested in seeing? #Lebanon #COVID19 #ููุฑููุง_ูุจูุงู","['#COVID19', '#ููุฑููุง_ูุจูุงู', '#Lebanon']",
Nagi El Saghir MD,Aug 30,"COVID-19 Is Transmitted Through Aerosols. We Have Enough Evidence, Now It Is Time to Act.",[],
farah sankari,Aug 30,"Say no to #stigma Covid-19 infected people need love and support to get better. It is a disease that could hit anyone, nothing to be ashamed of !!!",['#stigma'],
Sara Chang,Aug 29,"Public health tools, such as surveillance, case investigation, and contact tracing, remain critical to detect and respond to COVID-19.",[],
Michael Young,Aug 29,"Replying to 
@elias_khoury
 and 
@jabirached_",[],
WHO Lebanon,Aug 29,"WHO Lebanon daily brief on #coronavirus with special section on ""Primary health care centers responding to  COVID-19 pandemic and Beirut blast.""",['#coronavirus'],
Farah Shoucair,Aug 29,"Yes #Covid_19 cannot be contained without a collective coordinated strategy. But it also cannot be contained with a strategy that is all about ""total lockdown"" and does not take into consideration the price businesses will pay. A total lockdown can no more be viewed as a strategy",['#Covid_19'],
Hani,Aug 29,Remember when COVID-19 didnโt exist and you could greet all your friends with an individual hug every morning. We took that for granted. I want that back. I want it back ASAP.,[],
,Aug 29,#covid19,['#covid19'],
Diana E. Jaalouk,Aug 29,"ุงูุฅุตุงุจุฉ ุจุงูููุฑููุง ูููุง ุฑุดุญ ุจุณูุทุ ุงู ุจุฑูุจุงุบูุฏุง 
""ุฐุงุช ููู ููุช ุทุจูุจ ูุจูุบ 44 ุนุงููุง ุ ูุงูุฑุฆูุณ ุงูุชูููุฐู ูุดุฑูุฉ ุฑุนุงูุฉ ุตุญูุฉ ุ ูุฑูุงุถููุง ุซูุงุซููุง ูุงู ูุณุชุนุฏูุง ููููุงู ุจุชุฑุงูุซููู ุขุฎุฑ. ุซู ููุช ูุฑูุถูุง ุจููุฑูุณ Covid-19 ุนูู ุจุนุฏ ุจุถุนุฉ ุฃููุงุณ ุถุญูุฉ ุนู ุฌูุงุฒ ุงูุชููุณ ุงูุตูุงุนู. ุฃููุฐุชูู ููุฑุถุฉ ูู ูุฐุง ุงููุตูุฑ"".",[],
AUBMC,Aug 29,Find out how to protect yourself from #covid19 when using public transportation?,['#covid19'],
L'Orient-Le Jour,Aug 29,"Les places rรฉservรฉes au patients atteints du #Covid19 sont trรจs limitรฉes, met en garde Abou Charaf",['#Covid19'],
Ariane Elmas,Aug 29,"IVP Airโs COVID-19 BIODEFENSE INDOOR AIR PROTECTION SYSTEMโข Deployed in Florida Hot Zone to Help Reopen Schools http://story.cd/AAOqtQ via 
@PRWeb
 @ivpair
 #COVIDใผ19 #Florida","['#Florida', '#COVIDใผ19']",
Jaras Scoop FM,Aug 29,ุฃุนูู ุฒูุงุฏ ุนุจุณ ุนุจุฑ โุชููุชุฑโ ุนู ุงุตุงุจุชู ุจู #ููุฑูุณ_ููุฑููุงุ ูุงุฆูุงู:  โูุจุงุฑุญ ุนุฑูุช ุงูู covid 19 positiveุ ุฎุจุฑุช ูู ูููู ุดูุชูู ูุคุฎุฑุงูุ ุจุณ ุฎุงูู ููู ูุณูุช ุญุฏู. ุงููุฏ ุญุงุฌุฑ ุญุงูู ูู ูุจุงุฑุญ. ุงูุดุงููู ุนูู ุณูุงูุฉ ููุฌููุนโ.,['#ููุฑูุณ_ููุฑููุง'],
Hadia's World,Aug 29,"...never ending stories #2020 #marilynmonroe #stress #covid19 #mask4all #wearmask #hadiasWorld repost 
@failunfailunM
 https://instagram.com/p/CEdpX4uJRTK/?igshid=j9nylyk7mun2โฆ","['#wearmask', '#mask4all', '#stress', '#covid19', '#marilynmonroe', '#hadiasWorld', '#2020']",
JoeZakhour ุฌูุฒู ุฒุฎูุฑ,Aug 29,"Replying to 
@LauriceC",[],
Layal Abou Rahal,Aug 29,"#COVID19 can not be conquered in #hospitals. Prompt and early diagnosis, isolation, and contact tracing remain the mainstay of the strategy against Covid. Covid19 can only be conquered in the community 
@firassabiad","['#COVID19', '#hospitals']",
Dยฎ Phil,Aug 29,"Before Twitter and Square employees began working from home due to Covid-19, a typical day for Dorsey would start at 5 am with meditating, he said on the podcast. 

Twitter CEO #Dorsey shares habits for focus and work-life balance https://cnbc.com/2020/08/26/twitter-ceo-jack-dorsey-shares-habits-for-focus-and-work-life-balance.htmlโฆ

Love 
@jack
 philosophy",['#Dorsey'],
Wolverine,Aug 28,"Wear ur FUCKING maskS!!
#COVID19 
#Lebanon","['#COVID19', '#Lebanon']",
Julian kerboghossian,Aug 27,"Migrant african women are still sleeping on the streets of beirut without any action from their authorities. Knowingly the unstable situation in the lebanon and over 700 cases of covid19 daily 
Please act 
@phumzileunwomen
 @Winnie_Byanyima
 @DrTedros
 @antonioguterres
 @UN_Women",[],
elie aoun,Aug 27,"...& thatโs how we count deaths!
#COVID19",['#COVID19'],
Firas,Aug 27,"689 new #COVID19 cases today in 
 ",['#COVID19'],
EU in Lebanon,Aug 27,"Thanks to #EU support, #RHUH received medical equipment, completed the rehabilitation of a ward and expanded capacity to cater for more patients in need of critical healthcare in the period after the #BeirutBlast and #COVID19 surge of cases.
@UNHCRLebanon","['#COVID19', '#RHUH', '#BeirutBlast', '#EU']",
Gbelaur,Aug 27,"Replying to 
@zxryha",[],
,Aug 26,"@abousamrat
 
ุฌูุนูุฉ ุชุฌุงุฑ ุจูุฑูุช: ูุฒูุฑ ุงูุฏุงุฎููุฉ ุณูุตุฏุฑ ุจูุงูุงู ุญูู ุดุฑูุท ุฅุนุงุฏุฉ ุงููุชุญ

26 ุขุจ 2020 
ุตุฏุฑ ุนู ุฌูุนูุฉ ุชุฌุงุฑ ุจูุฑูุช ุงูุจูุงู ุงูุขุชู:
ุนููุฏ ุจุนุฏ ุธูุฑ ุงูููู ูู ุงูุณุฑุงู ุงูุญูููู ุฅุฌุชูุงุนู ูุทูููู ุจูู ูุฌูุฉ COVID 19 ูููุฏ ูู ุฌูุนูุฉ ุชุฌุงุฑ ุจูุฑูุชุ ููุซูููุงู ูููุทุงุน ุงูุชุฌุงุฑู ูู ูุจูุงู.
ุชุงุจุน ",[],
Maiia hatem,Aug 26,"Replying to 
@RoyNabilTANIOS
 and 
@Iman_with_an_i",[],
Rotary Club Beirut Cedars,Aug 26,"Training day with the Biomedical teams of governmental hospitals after donating several respiratory machines in our effort to fight COVID-19
#RCBeirutCedars #PeopleOfAction #Rotary 
@RotaryD2452
 @Rotary2452
 @RotaryDE
 @RotaryFR
 @RotaryJapan
 @RotaryKO
 @RotaryItalia
 @RotaryGBI","['#PeopleOfAction', '#RCBeirutCedars', '#Rotary']",
Edmond Rabbath,Aug 26,"Michel Aoun a rรฉuni son รฉniรจme Conseil Supรฉrieur de la Dรฉfense pour dรฉbattre du Covid-19 et aucun n'avait pour but de discuter de la dangerositรฉ des 2750 tonnes de nitrate d'ammonium, alors qu'il savait.",[],
Samer Abo Eljebeen,Aug 25,"ุงูุชุจุงุนุฏ ุงูุงุฌุชูุงุนู  ูุงููุธุงูุฉ ุงูุดุฎุตูุฉ  ุจุดูู ูุณุชูุฑ  ูุฐูุงุฏุฉ ุงููุนู  ุนูุฏ ุงููุงุณ ูู ุงูุนูุงุฌ ูุฌุงุฆุญุฉ ููุฑููุง
ูู ุงูุงุฎุฑ
#ููุฑููุง_ูุจูุงู #COVID19","['#COVID19', '#ููุฑููุง_ูุจูุงู']",
invadersinbeirut,Aug 25,"Photo by 
@sar_khatch
 Take a picture of a mask or glove, name it, post it and tag 
@invadersinbeir1
  #invadersinbeirut with your location to help protect the environment #photography #photo #covid_19 #mask #glovesโฆ https://instagram.com/p/CEUvJ-qJoEk/?igshid=18c69dtvjk5wcโฆ","['#mask', '#invadersinbeirut', '#gloves', '#photography', '#covid_19', '#photo']",
SaM,Aug 25,Messi after hearing that Pjanic has Covid-19,[],
Nagi El Saghir MD,Aug 25,"Proud of my dear Bassem El Saghir: from 
@IC_Lebanon
  #bac and 
@AUB_Lebanon
 #psychology on to 
@ucddublin
 @UCDMedicine
  รducation remains the best hope to rebuild #lebanon & the world!
travel #covid19 era","['#psychology', '#covid19', '#bac', '#lebanon']",
Mariam,Aug 25,"Replying to 
@SaudiNews50",[],
Fatima Ahmad Issmail,Aug 25,ููู ุงูููุงูุฉ ูุง ุดุจุงุจุ #COVID19,['#COVID19'],
invadersinbeirut,Aug 24,"Photo by 
@sar_khatch
 Take a picture of a mask or glove, name it, post it and tag 
@invadersinbeir1
  #invadersinbeirut with your location to help protect the environment #photography #photo #covid_19 #mask #glovesโฆ https://instagram.com/p/CESRhr4pK7B/?igshid=gop9t203fke5โฆ","['#mask', '#invadersinbeirut', '#gloves', '#photography', '#covid_19', '#photo']",
Lebanon Hate Account,Aug 24,"Replying to 
@melissahabchi",[],
mabellebatour,Aug 24,Positive (adj.): The most negative word of 2020 #coronavirus #Covid_19,"['#Covid_19', '#coronavirus']",
Ali Tfaily,Aug 24,"โ...researchers sequenced the #virus from both rounds of infection and found significant differences in the two sets of virus, suggesting that the patient was infected a second time.โ #COVID19 
@nytimes","['#virus', '#COVID19']",
Chadi Abou Khater,Aug 24, #Covid_19,['#Covid_19'],
Rayan Haykal,Aug 24,"I know it is old, but so is his stupidity. #ูุจูุงู_ูููุงุฑ
#dumbestministerever
#Covid_19 #lebanon","['#Covid_19', '#lebanon', '#ูุจูุงู_ูููุงุฑ', '#dumbestministerever']",
Carol Khouzami,Aug 24,We are not ok.                                         We donโt need only to rebuild our homes but to rethink our entire lives. And we thought #Covid_19 has ruined our model of living. It was actually a nice parenthesis.,['#Covid_19'],
Elie Abi Najem,Aug 24,"Replying to 
@SohaKikano",[],
invadersinbeirut,Aug 23,"Photo by 
@sar_khatch
 Take a picture of a mask or glove, name it, post it and tag 
@invadersinbeir1
  #invadersinbeirut with your location to help protect the environment #photography #photo #covid_19 #mask #glovesโฆ https://instagram.com/p/CEPoCANJxk1/?igshid=bbh2t9guuagrโฆ","['#mask', '#invadersinbeirut', '#gloves', '#photography', '#covid_19', '#photo']",
Nabil Costa,Aug 23,We will live with Covid19 for months. Letโs not deny it or panic: Dr. Faheem Younus,[],
ูฑฺตุจุฺตุจฺช โฆ,Aug 23," : Covid - 19
 : ููุฑูุณ ููุฑููุง 
 : ูุนููู ... ููู ุงููุฑูุจุ  ุจุณ ุนูู ุงุฎุฑุง ",[],
Ghadi Francis | ุบุฏู ูุฑูุณูุณ,Aug 23,"@BEshmun
 COVID-19",[],
Michael,Aug 23,"Replying to 
@RimaRassi",[],
ใJosianeใ- ใJoe-siiใ,Aug 23,"BREAKING: A novel treatment has been discovered that can reduce COVID-19 transmission by up to 75%. Itโs called wear a fucking mask.
#WearADamnMask 
#COVID19","['#COVID19', '#WearADamnMask']",
Mariam,Aug 23,"Replying to 
@Samer_hayek333",[],
fatima.hajj,Aug 22,"ุทูุจ ุนู ุชุณูุฑูุง ุงุฑุฒุงู ุงูุนุงูู ูุงูููุฑููุง ุจุนุฏุง ุนู ุชุฒูุฏ ูุฑูุช ูู ุถูุนุฉ ููู ุจุงูุฌููุจ ุงูุตุฏูุช ุงูุนุงูู ุงูุนุฌูุฉ ูุง ูู ููุงูุงุช ุงูุญูุงุฉ ุฌุฏุง ุทุจูุนูุฉ ูุง ูู ุงูุชุฒุงู
ููู ููู 
@Hamad_hassan20
#Covid_19",['#Covid_19'],
carole kahwagi,Aug 22,"Stop covid 19! Lebanon had enough
ุฅุฐุง ูุด ูุฑูุงูู ููุฑูุงูููุ ูุฑูุงู ุฃููู ูุฃูููู
#stopcovid19 #stopcoronavirus
 #coronavirus #corona #virus #lebanon #beirut #beirutlebanon #carolekahwagi #savelebanon #prayforlebanon
โฆ https://instagram.com/p/CEMvrqxFvmW/?igshid=1vw4syks6aqveโฆ","['#corona', '#beirutlebanon', '#savelebanon', '#stopcovid19', '#stopcoronavirus', '#carolekahwagi', '#coronavirus', '#virus', '#beirut', '#lebanon', '#prayforlebanon']",
Kareem Nasser,Aug 22,Post COVID-19 ,[],
Wissam Hajjar ูุณุงู ุงูุญุฌุงุฑ,Aug 22,#covid19 #ูุง_ููุชููุฑ #ููุฑููุง #ุฎููู_ุจุงูุจูุช,"['#covid19', '#ุฎููู_ุจุงูุจูุช', '#ููุฑููุง', '#ูุง_ููุชููุฑ']",
SB OverSeas,Aug 22,"#EarthOvershootDay 
By today we have used all the resources our planet can renew in one year , due to #COVID19,  it has been pushed back by 3weeks 

#TogetherAsOne we can help eachother to #MoveTheDate for #betterfuture to our #planet 

#earthovershootday2020  #mothernature","['#COVID19', '#mothernature', '#planet', '#EarthOvershootDay', '#TogetherAsOne', '#earthovershootday2020', '#MoveTheDate', '#betterfuture']",
ใJosianeใ- ใJoe-siiใ,Aug 22,"Good morning for everyone except who lower their masks when they talk to me! 
#COVID19 
#COVIDIOTS","['#COVID19', '#COVIDIOTS']",
Laure Yammine,Aug 22,"โThe 2020โ21 influenza season will coincide with COVID-19. Influenza vaccination of persons aged โฅ6 months to reduce prevalence of illness caused by influenza will reduce symptoms that might be confused with those of COVID-19.โ https://cdc.gov/mmwr/volumes/69/rr/rr6908a1.htmโฆ via 
@CDCgov",[],
Anwar Kawtharani,Aug 22,"For many #teachers, meeting impossible expectations while being #micromanaged by the same #administrators with limited knowledge of #ICT  similarly to #facetoface just feels too difficult to absorb & understand  amidst #COVID19 !","['#administrators', '#COVID19', '#teachers', '#facetoface', '#micromanaged', '#ICT']",
CAK21ู,Aug 22,Khalas itโs time for Covid-19 to be a thing from the past,[],
Mohamed AbouElenen,Aug 21,Beirut lockdowns amid COVID-19 spike ุงุนุงุฏุฉ ุชุทุจูู ุญุธุฑ ุงูุชุฌูุงู ูู ุจูุฑูุช ููุฏุฉ ุฃุณุจูุนูู ุจุนุฏ ุงุฑุชูุงุน ุงุตุงุจุงุช ููุฑูุณ ููุฑููุง ูุฌุฏุฏูุง @ ูุจูุงู ุจูุฑูุช ุดุงุฑุน ุงูุญูุฑุง https://instagram.com/p/CEKFJFXhQnD/?igshid=1vo03amcrsbkuโฆ,[],
rubamoussa,Aug 21,Russian Vaccination Against Covid 19 @ RUBASLIST https://instagram.com/p/CEJ2TpUJiYGnGaGVad-jKqJ6P08HaNAZr1SV9Q0/?igshid=1wx34kjfk7k0pโฆ,[],
Maroun Bou Zerdan,Aug 21,Lebanon in 2020 so far. #Beirut #Covid_19,"['#Beirut', '#Covid_19']",
Mariam,Aug 21,"Replying to 
@LBCILebanon",[],
Hani,Aug 21,"Please stop posting about COVID-19 like itโs the only issue in lebanon. I could care less about corona. Letโs think of the poverty rates, the crisis. How will the displaced/homeless quarantine? Corona is nothing compared to whatโs happening...",[],
Nagi El Saghir MD,Aug 21,"Unacceptable that #Wuhan  celebrates #Covid_19 control while #USA #LatinAmerica #Africa #Europe #asia #australia heavily suffering from #SARS_CoV_2 started in #china & 
@realDonaldTrump
 called #ChineseVirus w > 20M cases and > 750K deaths. #China should apologize! ","['#Africa', '#ChineseVirus', '#china', '#australia', '#asia', '#USA', '#Wuhan', '#SARS_CoV_2', '#China', '#Covid_19', '#LatinAmerica', '#Europe']",
Gregory Galligan,Aug 20,"Our 
@humcoalition
 partner 
@IRCanada
 is in #Beirut distributing food & sanitation boxes to people in need. #Covid19

Notre partenaire Islamic Relief Canada distribue de la nourriture et des boรฎtes sanitaires aux personnes dans le besoin. #liban 

Donate 
https://humanitariancoalition.ca/crisis-in-lebanonโฆ","['#Covid19', '#Beirut', '#liban']",
ูุญูุฏ ุนุจุฏ ุงููุฑูู ุญุจูุต,Aug 20,"ุฅูุง ุฃู ุชุณูุฑ ุฌููุน ุงููุณุงุฌุฏ ุฃู ูุชูุชุญ ุฌููุนูุง ูุญุชูุง ูุฐุง ุงููุฑุงุฑ ุงูุฐู ุณูุณุชุซูู ุฌุฒุก ูู ุงููุณุงุฌุฏ ุณูุฌุนู ูููุง ูู ุงูุฃุฎูุฑุฉ ูุญุท ููุตุฏ ุนูุฏ ุงููุงุณ ูุนุฑุถุฉ ููุงูุทุธุงุธ ุฏุฑูู ููุงูุฉ ุฎูุฑ ูู ููุทุงุฑ ุนูุงุฌ ูู ุจูุฏ ุงูุฏุงุฎู ูู ุงูุงุฌุฑุฃุช ููููุฏ ูุงูุฎุงุฑุฌ ููููุฏ 
#Covid_19 
#ูุจูุงู","['#ูุจูุงู', '#Covid_19']",
Michael,Aug 20,I'm going for a Covid19 test next week.,[],
A.Y,Aug 20,"Me when i see people posting stories on the beach, in restaurants etc... I feel you detective Espinoza #Covid_19 #LuciferNetflix","['#LuciferNetflix', '#Covid_19']",
supplier,Aug 20,"ุงุฐุง ูู ููู ุนููู ูฆูููู ูุญุต 
ููู ูุญุต ุจ ูกูฅู ุงูู 
ูุนูู ุฌูุงุนู ุนู ุจูุทูุนู ุจุงูููู 
ูฉูู ููููู 
ุญุณุจุง ุนุง ุดูุฑ ูขูง ูููุงุฑ ููุฑู 
ููู ุนู ูุณุฑู ููู 
ูุงููุญูุตุงุช ูุจุงุช ูู ููุธูู ุงูุตุญู ุงูุนุงูููู
ูุนูู ุจูุฑูุฑูุง ุงููู ุงุณุชูุงุฏ ูุนุงูู ุงููุฒูุฑ 
#Covid_19 
#ููุฑููุง_ูุจูุงู 
#ุงูุชุนุจุฆู_ุงูุนุงูู
#ุงููุฌุงุฑ_ูุฑูุฃ_ุจูุฑูุช","['#ุงููุฌุงุฑ_ูุฑูุฃ_ุจูุฑูุช', '#ููุฑููุง_ูุจูุงู', '#ุงูุชุนุจุฆู_ุงูุนุงูู', '#Covid_19']",
hassan,Aug 20,"ุนูู ููุฑุฉ ุจุนุฏูุง ูู ุงูุนุงูู ุนู ุจุชุณูู ูุชุจูุณ ุนุงุฏู ูู ุงููู ุงุชุบูุฑ ุฅููู ุฒุงุฏูุง ุฌููุฉ ""ูุน ุฅูู ูู ููุฑููุง ุจุณ ุฃูุง ูุชูุฑ ูุดุชููู ูุงุช ุจูุณุฉ"" 
#Covid_19 #coronavirus","['#Covid_19', '#coronavirus']",
Malak Khaled,Aug 20,#Covid_19 positive.,['#Covid_19'],
Ariane Elmas,Aug 20,First system to kill #Covid_19 in closed spaces such as #Hospital #schools and #Airplanes. Invention by #Lebanese #Expat #SchoolReopening #CoronaLockdown #coronavirus #ุตุจุงุญ_ุงูุฎูุฑ #,"['#SchoolReopening', '#ุตุจุงุญ_ุงูุฎูุฑ', '#Lebanese', '#Covid_19', '#Expat', '#coronavirus', '#schools', '#CoronaLockdown', '#Hospital', '#Airplanes']",
YoussefGebran,Aug 20,"10,000 cases #Covid_19 will be reached today in Lebanon. 
50% are between 20 and 45... Young people can die from it! 
Stay home... Stay safe",['#Covid_19'],
ูฑฺตุจุฺตุจฺช โฆ,Aug 19,"Dear fuckin Government,

can we limit the newly detected cases tomorrow so we can have 10452 in the comulative counter? 

 wear your masks and stay safe 
 

#Covid_19 #Lebanon #Beirut","['#Beirut', '#Covid_19', '#Lebanon']",
Jean Kassis,Aug 19,"ุงููุฑุงุฑุงุช ุงููุชุฑุฏูุฏุฉ ูุงููุฌุชุฒุฃุฉ ุงูุชู ุชูุตุฏุฑูุง ุฏููุชูุง ุงููุงูุณุคููุฉ ูู ููุงุฌูุฉ ฺคูุฑูุณ ููุฑููุง (covid 19) ูู ุงููุณุคููุฉ ุฃููููุง ูุขุฎุฑูุง ุนู ุชูููุช ุงูุฃููุฑ ูุชูุดูู ุงููุจุงุก.ููุง ุดูู ูู ุฃูู ููููุฉ ุงููุนู ุงููุฌุชูุนูู ุฏูุฑูุง ุ ูููู ุงููุฑุงุฑ ูุจูู ูู ูุฏ ุงูุฏููุฉุ ูุงูุฐู ูุฌุจ ุฃู ูููู: 
ุฅููุงู ุงูุจูุฏ ูููููุง ููุฏุฉ ุดูุฑ
ูุฎูุตูุง",[],
jacqueline boulos,Aug 19,"589 ุงุตุงุจุฉ ุฌุฏูุฏุฉ ูุญุงูุชุง ููุงุฉ ุจ #ููุฑูุณ_ููุฑููุง  ูู #ูุจูุงู ูู ุงูุณุงุนุงุช ุงูุงุฑุจุน ูุงูุนุดุฑูู ุงููุงุถูุฉ.
#Covid_19 
#ุณูุฑูุง_ุงูุจูุฏ_ูุงุฒุฑุจูุง_ุงููุงุณ_ุจุจููุชูุง","['#ุณูุฑูุง_ุงูุจูุฏ_ูุงุฒุฑุจูุง_ุงููุงุณ_ุจุจููุชูุง', '#ููุฑูุณ_ููุฑููุง', '#ูุจูุงู', '#Covid_19']",
May Hajj Sleiman,Aug 19,"589ุงุตุงุจุฉ!
ุดู ุจุนุฏ ูุงุทุฑูู ููุญูู ุดููุฉ ูุณุคูููุฉ ู ูููู ุงูู ุฏูู ุนูุฏุง ุงูุธูุฉ ุตุญูุฉ ูุชุทูุฑุฉ ุงููุงุฑุช ูููู ูุญูุงุุ ุงู ูุง ุจููุดู ุญุงููู ุจูุง ุถูุฑุงุช ู ุณูุฑุงุช ูุงุนุฑุงุณ ููุฒุฏุฑุฉ ู ุนูุดุงู ุุฑุญูููุง ู ุฑุญูู ุญุงููู ู ุฎูู ูู ูุชุฑุฉ ุชูุฑู ู ูุง ูููู ูู ูุงุญุฏ ููุง ูุงูุฏ ุฎุฏุง ุบุงูู ุนูู ููุจู..
#ุฎุงููุง_ุงููู
#Covid_19","['#ุฎุงููุง_ุงููู', '#Covid_19']",
M. Talar,Aug 19,"So mainly, tubes will be inserted in every hole of your body. 
Please wear a mask and avoid crowded areas. #Covid_19",['#Covid_19'],
Maroun Bou Zerdan,Aug 19,Starbucks at 50% capacity is having more people than it ever did. #COVIDIOTS #Covid_19,"['#COVIDIOTS', '#Covid_19']",
Rimane Daou,Aug 19,"ูุจู ุจุฏุก #lockdown ููุฏุฉ ูขู ููู ุชูุฑูุจุงุ ูุฌูุฉ ูุนุธู ุงููุจูุงูููู ุจุงุชุฌุงู ุงูุฌุจุงู 
#ุจุนุจุฏุงุช #Corona
#Covid_19 #coronavirus #ููุฑููุง","['#Corona', '#ููุฑููุง', '#lockdown', '#Covid_19', '#ุจุนุจุฏุงุช', '#coronavirus']",
Simon McNorton,Aug 19,A fantastic way to recognise #WorldHumanitarianDay here in Beirut. Glad UKaid is able to support Lebanon as COVID-19 cases rise and the health system responds to the Beirut explosion.,['#WorldHumanitarianDay'],
Ghadi Francis | ุบุฏู ูุฑูุณูุณ,Aug 19,"#ูุญูุง_ูุด_ููุงุญ

My life has always been something like: working hyperactive or sleeping endlessly

Iโve been struggling with morning depression since before #Covid19 and #quarantine
But with all thatโs happening in #lebanon itโs getting worse.
Loosing the motivation to get up","['#Covid19', '#ูุญูุง_ูุด_ููุงุญ', '#lebanon', '#quarantine']",
Dr.iman chweikh,Aug 19,"ูุงูู ุงูุนูุงูุฉ ุจูู ุงูุงุฑุชูุงุน ุงูุฌูููู ูุนุฏูุงุฏ #ููุฑููุง ูุงููุฌุงุฑ #ูุฑูุฃ_ุจูุฑูุช ุุชุงุจุนูุง ุงูุชูุงุตูู ุฎูุงู ูุดุฑุงุช ุงูุฃุฎุจุงุฑ #Covid_19 #Corona 
4pm,7pm,10:30pm
http://nbntv.me","['#Corona', '#Covid_19', '#ููุฑููุง', '#ูุฑูุฃ_ุจูุฑูุช']",
Ali Khansa #WearADamnMask,Aug 19,"As #Beirut is reckoning with the impact of #COVID19 , this PPE funded by 
 is what we need the most. Thanks 
 .","['#COVID19', '#Beirut']",
yehyaKabbani,Aug 19,"ุณุคุงู ููู ูู ุจุงุจ ุงููุนุฑูู
ุนุฏุฏ ุณูุงู ูุจูุงู ูค ูููู ู ูู ุฌูุนุฉ ูููู ุตุงุฑ ูู ููู ุงูููููู ุงุตุงุจุฉ ุจ #covid19
ุทูุจ ู ุงุฒุง ูููุง ูู ูค ุดููุฑ ูููู ูู ูฃ ููููู ุงุตุงุจุฉ  ูุด ุจุฌูุนุฉ ููู ุงููุตุงุจ ูููุงุ
ููุงู ูุน ููุฏู ุงูุฎุจุฑูุฉ ุทูุน #ุงูุญุฑูุฑู ููู ููุฌุฑ ุญุงูู 
#ุจูุฑูุช_ููููุจุฉ #ูุจูุงู_ููุชูุถ #ููุฑููุง","['#ููุฑููุง', '#ุจูุฑูุช_ููููุจุฉ', '#covid19', '#ูุจูุงู_ููุชูุถ', '#ุงูุญุฑูุฑู']",
Joelle Bassoul,Aug 19,"#Lebanon, stuck between the #BeirutExplosion and #COVID19 lockdown.

โIโm fining you because you are not at home!!โ

#ูุจูุงู","['#COVID19', '#ูุจูุงู', '#Lebanon', '#BeirutExplosion']",
Ron Farra,Aug 19,"Lebanon needs two-week lockdown after 'shocking' COVID-19 rise, minister says https://brisbanetimes.com.au/world/europe/lebanon-needs-two-week-lockdown-after-shocking-covid-19-rise-minister-says-20200818-p55mnu.htmlโฆ via 
@brisbanetimes",[],
Michael,Aug 19,"At this point, people who refuse to take precautions seriosuly and still believe that Covid19 is a conspiracy deserve to catch it.
I love natural selection.",[],
Mariam,Aug 18,"Replying to 
@magdyMohamedel2",[],
Georges Najm,Aug 18,"Suite ร la nouvelle dรฉcision de fermeture du 
 pour 2 (nouvelles) semaines (aprรจs le deuil et les fermetures antรฉrieures) un constat semble trรจs simple ร รฉtablir : qui ne meurt pas du #Covid_19 mourra certainement de famine... On pousse les entreprises libanaises ร la faillite !",['#Covid_19'],
Lawrence of Arabia,Aug 18,#yemeksepetiboykot #ุจูุฑูุช #Hariri #Hezbollah #ุญุฒุจ_ุงููู_ุงูุงุฑูุงุจู #ุญุจู_ุงููุฐุจ_ุทููู #Syria #เนเธฅเธดเธเนเธฃเธตเธขเธเนเธเธเธฃเธฐเธเธฃเธงเธ #COVID19,"['#ุญุจู_ุงููุฐุจ_ุทููู', '#เนเธฅ', '#ุญุฒุจ_ุงููู_ุงูุงุฑูุงุจู', '#COVID19', '#Hariri', '#yemeksepetiboykot', '#Hezbollah', '#ุจูุฑูุช', '#Syria']",
Yahya Barakat Chami,Aug 18,"@WHOLebanon
 @mophleb
 @WesternUnion
  @OMTLeb
 

where is the social distancing? this is how #Covid19 is running rampant in #Lebanon 

#bendthecurve #lebanon","['#Covid19', '#bendthecurve', '#Lebanon', '#lebanon']",
Rana,Aug 18,"ููุชุดุฑ ููููุฏูกูฉ-ุนู ุทุฑูู:
ุงูููุทูุฑุงุช ุงูุตุบูุฑุฉ ""ุงูุฑุฐุงุฐ"" ุงูุชู ุชูุชุฌ ุนูุฏูุง ูุนุงูู ุงููุตุงุจ ุจูุฑุถ COVID-19 ุจุงูุณุนุงู ุงู ุงูุนุทุณ.
ูู ุญุงู ุงูุงุฎุชูุงุท ูุน ุดุฎุต ุขุฎุฑ ูุตุงุจ ุนูู ูุณุงูุฏุฉ 6 ูุฏู.
ูู ุญุงู ููุงูุณุฉ ุงูุฃุณุทุญ ุฃู ุงูุฃุดูุงุก ุงููููุซุฉ ุจุงูููุฑูุณ ููู ุซู ููุณ ุงูููุ ุฃู ุงูุฃููุ ุฃู ุงูุนูู. 
@MakAishaSchool",[],
Mario St,Aug 17,"@TonyKhalifeh
 what about the badge you are using? Is it efficient against covid19? Please let us know",[],
Khalil Diab,Aug 17,"Replying to 
@mazen_barbir",[],
Mariam,Aug 17,ูุญู ูุฌุงูุณ ุนุงุดูุฑุงุก ุจุจููุชูุง ูุชูุชุตุฑ ุนูู ูุฌูุฏ ุงูุนุงุฆูุฉ ุงูุตุบูุฑุฉ ุจุณุจุจ ุงูุฌุงุฆุญุฉ ุงูููุฑูุณูุฉ covid 19 ูุนุธู ุงููู ุงุฌูุฑูุง ูุงุฌูุฑูู,[],
Luc Berlin,Aug 17,"โMeanwhile, #Lebanon has entered the community transmission phase of #COVID19, w. 1,200 cases under investigation. This is particularly concerning for the thousands of youth &volunteers supporting cleaning& rehabilitation services.โ(12/08/29) #BeirutBlast","['#COVID19', '#Lebanon', '#BeirutBlast']",
,,,[],
,,,[],
ใJosianeใ- ใJoe-siiใ,Aug 17,"Wear your masks please!
#Covid_19 is not a joke!",['#Covid_19'],
Yeghia Tashjian,Aug 17,"439 registered new Covid-19 cases in Lebanon in 1 day, 25 cases in 48 hours just in my neighborhood.
People your safety is everyone's safety.
#Lebanon #Achrafieh #covid19","['#covid19', '#Achrafieh', '#Lebanon']",
Joseph Bahout ุจุงุญูุท,Aug 17,"So far, #Covid_19 has killed some 59 doctors in #Syria.
Added to 10 years of war (often willingly waged vs medical equipment & personnel, by the regime & its backers), this means a relative decimation of the countryโs medical infrastructure, thus Syriaโs further fragilization.","['#Syria', '#Covid_19']",
Youssef L.,Aug 16,"#Covid_19 
#ููุฑููุง_ุงููุณุชุฌุฏ","['#ููุฑููุง_ุงููุณุชุฌุฏ', '#Covid_19']",
ใJosianeใ- ใJoe-siiใ,Aug 16,"A young man with upper quadrant bilateral pain and UTI symptoms.
On physical exam UQ tenderness bilateraly.
A CT showed the following:
N.B: The patient had a negative PCR and was asymptomatic: 
#COVID19 
#coronavirus","['#COVID19', '#coronavirus']",
Gbelaur,Aug 16,"Replying to 
@MicolashhCage",[],
A.Y,Aug 16,"Guys, just to let you know that i had the Russian Covid 19 vaccination yesterday and can tell you there are absolutely no sidefski effectovski secundariovski ะะฐะบัะธะฝะฐ ะฟะพะปะฝะพัััั ะฑะตะทะพะฟะฐัะฝะฐ, ะธ ั ะฑะพะปะตะต ัะตะผ ะฒ ะะฐะบัะธะฝะฐ ะฟะพะปะฝะพัััั ะฑะตะทะพะฟะฐัะฝะฐ, ะธ ั ะฑะพะปะตะต ัะตะผ ะฒ ะฟะพััะดะบะต",[],
CMBarabia,Aug 16,"Amid Covid-19, marketing changes shape
Credit: Vogue 

For booking a regular or #onlineconsultation DM / cmbarabia@gmail.com 
#CMBarabia #imageconsultants #colourmebeautifuluk #style #personalstylist #imagecoachโฆ https://instagram.com/p/CD8TY8Epy6V/?igshid=1xb0uzm3nmni1โฆ","['#style', '#personalstylist', '#onlineconsultation', '#CMBarabia', '#colourmebeautifuluk', '#imageconsultants', '#imagecoach']",
Ibrahim Awada,Aug 16,"@KremlinRussia_E
 Am a Lebanese resident and would like to be a volunteer for the new covid-19 vaccine.",[],
FAISAL M. NSOULI,Aug 15,ุฎุทุฑ ุงูุชุดุงุฑ ุงูููุฑููุง COVID 19  ูู ูุจูุงู ูู ูุจูุฑ ูุญูููู. ุนูููุง ููุฌุชูุน ุงู ูุชูุงุฏุงู. ุงูุชุฒููุง ุจุชุนูููุงุช ุงูููุงูุฉ ุจุดูู ุฌุฏูู ูููููุง ุนูู ุญุฐุฑ!,[],
Nada Salem,Aug 15,COVID-19 is the best excuse,[],
Oscar A.M. Bergamin,Aug 15,"Replying to 
@lienepien1",[],
Gbelaur,Aug 15,"Replying to 
@BadasssAurora",[],
Joseph Haddad,Aug 15,"- Economy crisis 
- Corona outbreak 
- Beirut explosion
- Bayern 8-2 Barca 

What could be coming next in 2020??? 

#BarcaBayern #COVID19 #Beirut","['#COVID19', '#BarcaBayern', '#Beirut']",
Rita Makhoul,Aug 15,The silos & covid-19 saved lives,[],
Please wear a mask! Do it for the World please...,Aug 15,"Replying to 
@askdrfitz
 @highazzaquarius
 and 
@forbeshealth",[],
AJ,Aug 15,  #COVID19,['#COVID19'],
Nagi El Saghir MD,Aug 15,Why not consider #metronomic #chemotherapy as an option for #breastcancer during #COVID19 pandemic era:,"['#breastcancer', '#COVID19', '#chemotherapy', '#metronomic']",
jacqueline boulos,Aug 15,"ุฃุณูุฃ ุงุญุณุงุณ ุนู ุงุฎุชุจุฑู ุงููููุฉุ ุจูุชู ุจุงููุณุชุดูู ููุง ุจูุฏุฑ ููู ุญุฏูุง ุจุณุจุจ #ููุฑูุณ_ููุฑููุง  .ุนููุง ุงููุง ุบูุฑ ูุตุงุจุฉ ููู ููู ูุงููู ุงููุณุชุดูู ุจุธู #ุงูุฌุงุฆุญุฉ.
#Covid_19","['#ููุฑูุณ_ููุฑููุง', '#Covid_19', '#ุงูุฌุงุฆุญุฉ']",
Zeina Halabi,Aug 14,"Around 50% of COVID-19 cases in Lebanon are asymptomatic, 3% have no identified exposure source and 34% the source is still under investigation!",[],
Bechara Saliba,Aug 14,"I got the Russian vaccine for COVID19 and if you are scared that it wasn't tested, I tried it and am happy to report that there is not whatsoever any side efectoski secundarioski ะธ ะผะตะฝั ะทะพะฒัั ะะพะฟะตั ะะฑัะฐะดะพั, ะธ ั ะบะพัััะผะฟะธัะพะฒะฐะฝ ะธ ะปะถะตั ะธ ะฟะพัะตะผั ั ะดะฐั ัะธัััะต ะฟััะผัะต #CoronaVaccine",['#CoronaVaccine'],
Hishamelamili,Aug 14,"Covid-19: The latest global ratio of deaths vs inflictions now stands at only 3.7%. Last Feb it was 7.1%. Appears it is coming down either due to distancing and masks, herd immunity or both!!! (Summer?)",[],
ูุญูุฏ ุนุจุฏ ุงููุฑูู ุญุจูุต,Aug 14,"ููุฏ ุงุณุชุทุงุนุช ููุฑููุง ุฐูู ุงูููุฑูุณ ุงูุฐู ูุง ูุฑู ุจุงูุนูู ุงู ูุจุนุฏ ุณูุทุฉ ุญุฌุจ ูุณุงุฏูุง ููุฑ ุงูุดูุณ ุนู ุงููุจูุงููู ูุงูุซุฑ ูู ุซูุงุซูู ุณูุฉ ุนู ูุฌูุณ ุงูููุงุจ ุฎุงุฆููู ูู ููุฑููุง ุงูู ุงูุงูููุณูู ุนูู ูู ูุณุชุทุน ุงูุดุนุจ ูุนูู ููุณ ูุงููุง ุถุนูุงุก  ุจู ูุงููุง ูุง ูุนุฑู ุซูุงูุฉ ุงูุง  ุงูุณุงู 
#Covid_19",['#Covid_19'],
Huda Farhat,Aug 13,"Online workshops are the worst! 
#COVID19 please stop.",['#COVID19'],
Iyadovich,Aug 13,"Thank you 
@MchsRussia
 @mfa_russia
 
#russia 
 Our pride, ะั ะณะพัะดะธะผัั 
#ะะพััะธั #ะะงะก #RussiaHelps #BeirutBlast #Lebanon #ูุจูุงู #ุฑูุณูุง #Caryl #Covid_19 #beirut","['#ะะพััะธั', '#Caryl', '#ูุจูุงู', '#ะะงะก', '#BeirutBlast', '#Lebanon', '#russia', '#ุฑูุณูุง', '#Covid_19', '#beirut', '#RussiaHelps']",
Daniel,Aug 13,"I wish Covid-19 started in Vegas. What happens in Vegas, stays in Vegas...",[],
Tamara,Aug 12,"Replying to 
@Thibaultdigital
 and 
@WHO",[],
AnnaSophia Gallagher,Aug 12,"I understand many people cannot donate these days, there are many economic problems following #Covid_19 . Anything you can give to support Mark is much appreciated and will benefit so so many people by extension. Thank you all 
/9",['#Covid_19'],
Farid Talih,Aug 12,"Stanford University School of Medicine found teenagers and young adults who vape may be at higher risk for COVID-19 : Association Between Youth Smoking, Electronic Cigarette Use, and Coron... https://sciencedirect.com/science/article/pii/S1054139X20303992โฆ #meded #psychtwitter #smoking #COVID19 #vaping #vape","['#vape', '#COVID19', '#psychtwitter', '#meded', '#vaping', '#smoking']",
@malakyaseen,Aug 12,#prioritizefamilysponsorship #prioritizefamilysponsorhip #canadaimmigration #Covid_19  #COVID19 #BeirutBlast #BeirutInOurHearts,"['#BeirutInOurHearts', '#prioritizefamilysponsorship', '#COVID19', '#BeirutBlast', '#Covid_19', '#prioritizefamilysponsorhip', '#canadaimmigration']",
Gbelaur,Aug 12,"Replying to 
@mzantra",[],
Joelle Bassoul,Aug 11,"#Beirut blast: at least 15 medical facilities, including 3 major hospitals, and 120 schools used by 50k children have been damaged, according to the UN, all amidst the #COVID19 pandemic and one month before back-to-school. Water services are interrupted in many neighborhoods.","['#COVID19', '#Beirut']",
Jessy,Aug 11,"I love you #Russia 
 #ะะตะปะฐัััั #COVID19","['#COVID19', '#Russia', '#ะะตะปะฐัััั']",
Joe Bou Eid,Aug 11,"ุฑูุณูุง ุชุนูู ุงููุง ุทููุฑุช ุงูู ููุงุญ ุถุฏุฏ ููุฑููุง ูุงูุฑุฆูุณ ุจูุชูู ููููุญ ุงุจูุชู.. #Covid_19 
ููููุง ุงููู.. ",['#Covid_19'],
Elie Abi Najem,Aug 11,"#Covid_19 CONGRATS 
 for the RUSSIAN TZAR V. Putin ",['#Covid_19'],
Luc Berlin,Aug 11,"Hardly mentioned as another dimension of the man-made #BeirutBlast disaster: the inevitable spike in #COVID19 infections in next 7-10 daysโ300,000 displaced, 6000 injured +>750 injured protesters only on Sat, but 3 hospitals destroyed make a looming #healthcrisis likely. #Lebanon","['#COVID19', '#Lebanon', '#BeirutBlast', '#healthcrisis']",
Ariane Elmas,Aug 11,Much needed for continuity of treatments of victims of #BeirutExplosion and #COVID19 patients. Many hospitals depleted their supplies the first 24 hours after the disaster #ุจูุฑูุช_ูุฏููุฉ_ููููุจุฉ #ุจูุฑูุช_ูู_ูููุจูุง #ุจูุฑูุช_ูู_ูููุจูุง #,"['#COVID19', '#ุจูุฑูุช_ูู_ูููุจูุง', '#BeirutExplosion', '#ุจูุฑูุช_ูุฏููุฉ_ููููุจุฉ']",
SAMIR GEAGEA,Aug 10,"ูุฑุฉ ูู ุฌุฏูุฏ ุชุซุจุช ูุฑูุณุง ุจุงููุง ุงูุฃู ุงูุญููู ููุจูุงู. ูุฑุฉ ูู ุฌุฏูุฏ ูุซุจุช ุงูุดุนุจ ุงููุฑูุณู ูู ูู ูุชุนูููู ุจูุจูุงู. ุดูุฑุง ุฅููุงูููู ูุงูุฑูู ูุฃูู ุชุฑูุช ูู ุงูุดุบุงูุงุชูุ ูู ""covid 19""ุ ููู ุงููุดููุงุช ุงูุงูุชุตุงุฏูุฉ ุงูุชู ุชุนุงูููุง ูุฑูุณุง ูุฃูุฑูุจุง ูุฐู ุงูุฃูุงู ูุฎุตุตุช ุญุชู ุงูุขู ุฃุณุจูุนุง ูุงููุง ููุจูุงู. 
1/2",[],
Tammam Nakkash ุชููุงู ููุงุด,Aug 10,"The first #President of the Republic resigned under people's pressure after a peaceful general strike of few days.
Currently all business is on hold due to# #Beirut_explosion and forced erratic lockdown due to #COVID19 
Open peaceful general strike is the most effective action","['#COVID19', '#Beirut_explosion', '#President']",
Milia Az,Aug 9,"How to protest during COVID-19 
#Unstoppable #COVID19","['#COVID19', '#Unstoppable']",
Jasmin Lilian Diab,Aug 9,"We need you all healthy and safe to ensure you are here to witness the rebuilding and emergence of our timeless and resilient city. Please reach out to me anywhere for more information, and fill out our volunteer form below to take part.
Salam. Health. Hustle
--
#Beirut #Covid_19","['#Beirut', '#Covid_19']",
Mohammad Shehab,Aug 9,"Replying to 
@PATTYCIA1957",[],
Marco Bardus,Aug 9,"Replying to 
@DrJaneRSmith",[],
Rita Makhoul,Aug 8,People had masks on today but were sharing onions to sniff. Do we know if COVID-19 may be transmitted like that?,[],
Ketan Gaะฒaniโข,Aug 8,"Everyone is pitching in to support communities devastated by the explosions in Beirut. 

Even before the impact of COVID-19, families were struggling in the face of economic collapse, daily power cuts, a lack ofโฆ https://instagram.com/p/CDo-6bGJRP0/?igshid=1sta3uhlre0vxโฆ",[],
Gbelaur,Aug 8,"Replying to 
@igobylilith",[],
Wasim El Boueini,Aug 8,"Las necesidades humanitarias en Beirut son enormes e inmediatas, alertan las agencias de la ONU
.
.

El Lรญbano vive una crisis triple: una situaciรณn socioeconรณmica grave, la pandemia de COVID-19 y la explosiรณnโฆ https://instagram.com/p/CDnYSbdpBHP/?igshid=1h5yniu8he7y2โฆ",[],
Latae,Aug 7,"For those who don't know Lebanon's been going through a lot already such as fires, covid-19, economical crisis etc. And the explosion was estimated as the World's 3rd most powerful explosion, if you want to know excatly what happened please check this link https://helplebanon.carrd.co",[],
ููุนููู ูุงุญุฏ ูุงุญุฏ,Aug 7,"BEIRUT NEEDS US??
I went there today, no words can express, i have nothing to say..What i saw was inexpressible .
I saw only one thing, A glimmer of hope...Even with the COViD-19 crisis, even with the massive economical crisis, people didnโt hesitate to give all of what they have",[],
ELNOTICIEROVISUAL,Aug 7,"Ciudadanos desesperados por la situaciรฒn en Beirut - tras la explosiรฒn en el puerto, el covid19, la crisis econรฒmica y la corrupciรฒn pรนblica, ruegan al presidente de Francia que ""haga algo"" por ellos.
.
"" Se loโฆ https://instagram.com/p/CDkhFcEAZjU/?igshid=1glp3zkq6eunmโฆ",[],
Hussein kaya,Aug 6,#ูุงูุฑูู #ุจูุฑูุช_ูู_ูููุจูุง #COVID19 #ูุจูุงู_ููููุจ #PrayForLebanon,"['#ูุจูุงู_ููููุจ', '#ุจูุฑูุช_ูู_ูููุจูุง', '#PrayForLebanon', '#COVID19', '#ูุงูุฑูู']",
IOCC Relief,Aug 6,"After conducting needs assessments in Lebanon, IOCC is providing short-term assistance, incl. hygiene items, expanding community kitchens, & looking at buildings that need rehab. All activities will have measures to prevent further spread of COVID-19. https://bit.ly/2C4KTCB",[],
Joelle Bassoul,Aug 6,#COVID19 and the #BeirutBlast. Only  worthy analysis.,"['#COVID19', '#BeirutBlast']",
Euan Ward,Aug 5,"COVID-19 testing has been halted across Beirut following Tuesdayโs deadly explosion.

The blast struck the country amid an increasingly dangerous second wave of the virus, and experts are worried.

Latest for 
@DailyStarLeb
.",[],
Lucas Lamah,Aug 5,"Replying to 
@philippejuvin
 @Lagarenne
 and 11 others",[],
Yeghia Tashjian,Aug 5,"Dear friends, even in this catastrophic days, don't forget #COVID19 is still there, wear masks, protect urself and ur surrounding. 
#Lebanon #Beirutexplosion","['#COVID19', '#Lebanon', '#Beirutexplosion']",
Stefan Web Designer,Aug 5,"Get better soon #Beirut :( 
  #COVID19 @ Beirut, Lebanon https://instagram.com/p/CDggoLNBTaj/?igshid=1io173aeu70n6โฆ","['#COVID19', '#Beirut']",
Linda Al Kaoury,Aug 5,"No more wheat warehouse, no more medicine warehouse for Lebanon !
Keanu Home Country !
And this had to happen after the economical crisis and Covid 19 spread !
Beirut is partially destroyed
God bless us ! 
#keanureeves
#patriciataylor
#Covid_19 
#Beirut_Explosion 
#lebanon","['#Covid_19', '#patriciataylor', '#keanureeves', '#lebanon', '#Beirut_Explosion']",
Edmond Rabbath,Aug 5,"Entre le Hezbollah, le aounisme, le nitrate d'ammonium et le Covid-19, qu'est-ce qui tue plus ?",[],
Marco Bardus,Aug 5,"Economic collapse, hyperinflation, unemployment, Covid-19, then the blasts - which destroyed a silo of grains& the port of #Beirut. Lebanon imports 80%+ of food... can you imagine how things going to be in a few days when famine will hit? Ah and COVID-19 is still here",['#Beirut'],
Ruby Jandry,Aug 5,"Suicides reported in different part of the country due to hunger and the economic crisis. The main covid-19 hospital has turned off some air -, conditioners and postponed surgeries. '' Power cuts in Beirut reached 20 hours a day  last week, up from their usual three.",[],
Henry Kozhaya,Aug 5,"#Beirut, an apocalyptic scene.
Our country is left without a port, a totally damaged capital, dozens killed, thousands wounded.. in addition to the most corrupted system, Covid-19 pandamic, the worst economic situation since ever.. 
We can't handle it anymore. 
#PrayForLebanon","['#Beirut', '#PrayForLebanon']",
Rabih El Chammay,Aug 5,"No words can describe the devastation, sorrow and suffering Lebanon is going through after #Beirut #explosion. Lebanon was already struggling politically, economically, and with COVID-19 surging again. #MentalHealth needs are going to be paramount and as important as basic needs!","['#Beirut', '#MentalHealth', '#explosion']",
Rana H.khan,Aug 4,"its so sad to hear The news about Labanon. #Beirut 
we welcome 2020, but we don't know that this year will become one of most destructive year. Trees are burnt in Australia, Then Covid-19,  and now this happened. 
#PrayForLebanon","['#Beirut', '#PrayForLebanon']",
karina sofia,Aug 4,"Thawra, political crisis, covid-19 and now a blast that destroyed beirut. Couldnt be more saddened and broken hearted! Sending my prayers to everyone out there",[],
Fitrah Alif,Aug 4,"Udah mah krisis politiki, Covid-19, inflasi, ditambah lagi ledakan. Malang nasibmu, Lebanon.",[],
ิฑึีซ,Aug 4,hala2 bikoun l explosion atal covid-19,[],
Lebanon Needs,Aug 4,"Our Co-founder and Co-chair Dr. Melhim Boualwan shares his experience caring for COVID-19 patients in Atlanta with the 
@nytimes
 

#lebanon #doctors #COVID19 #healthcare #newyorktimes #lebanonneeds #workers 

https://nytimes.com/interactive/2020/world/coronavirus-health-care-workers.html#item-catrina-rugarโฆ","['#COVID19', '#item', '#newyorktimes', '#workers', '#healthcare', '#doctors', '#lebanon', '#lebanonneeds']",
Ahmad RIFAI SARRAJ,Aug 4,Acceptance of our research project submited to and will be funded by the Lebanese University titled โRehabilitation is key to recovery โ during and after Covid-19: Recommendations to guide clinical practiceโ... A. Rifai Sarraj- F. Ayoubi - J. Khayat - Z. Sadek and M. Kabbara,[],
,,,[],
invadersinbeirut,Aug 4,"Photo by daliachamoun2 Take a picture of a mask or glove, name it, post it and tag 
@invadersinbeir1
  #invadersinbeirut with your location to help protect the environment #photography #photo #covid_19 #mask #glovesโฆ https://instagram.com/p/CDdK9IPpp7T/?igshid=1iygcx0gj87erโฆ","['#mask', '#invadersinbeirut', '#gloves', '#photography', '#covid_19', '#photo']",
Joe Bou Eid,Aug 4,"ู ูููู ูุง ุญุถุฑ ุน ุงูุณุชุงุบุฑุงู... ูุง ุจุนุฑู ูููู ุจุฏูุง ูุชูุฌูู ุจูู ุจูุฏ ูููู ุจุนุฏ ุนูุฏู ุถููุฑ...
@LBCI_NEWS
 @MTVLebanonNews
 @ALJADEEDNEWS
 @joemaalouftv
  
@PaulaYacoubian
  #Covid_19 #ูุจูุงู #ูุณุงุฏ","['#ูุณุงุฏ', '#ูุจูุงู', '#Covid_19']",
Charbel Matar,Aug 4,Some positive news for today! #COVID19 Vaccines under development ,['#COVID19'],
Lynn Zovighian ููู ุฒูููููุงู,Aug 4,"Replying to 
@waelaleji
 @haiderelias
 and 3 others",[],
Nicole Nicolas,Aug 3,"Replying to 
@reemnasra",[],
~Rabih,Aug 3,"How can I donate money to the health sector now that #COVID19 is at its ultimate peak? It's time to bring that energy back! Doctors, nurses, cleaners and all health sector workers needs us. Who's starting the campaign?",['#COVID19'],
Nesrine Rizk,Aug 3,"important for  after-COVID19 
@EvelineHitti
 @mjsayed",[],
ใJosianeใ- ใJoe-siiใ,Aug 3,"#Covid_19 is not a Joke!
#wear_your_mask","['#wear_your_mask', '#Covid_19']",
invadersinbeirut,Aug 3,"Photo by georgesdaya Take a picture of a mask or glove, name it, post it and tag 
@invadersinbeir1
  #invadersinbeirut with your location to help protect the environment #photography #photo #covid_19 #mask #glovesโฆ https://instagram.com/p/CDb8ft3pHbm/?igshid=8v7c6sr3wvi3โฆ","['#mask', '#invadersinbeirut', '#gloves', '#photography', '#covid_19', '#photo']",
William Saliba,Aug 3,"You might think that this is stupid but I do believe that China should ""pay a price"" for causing coronavirus pandemic
#ChinaVsWorld #Covid_19 #ChinaVirus #ChinaWillPay #China_have_to_pay","['#ChinaVirus', '#ChinaWillPay', '#Covid_19', '#China_have_to_pay', '#ChinaVsWorld']",
Kris,Aug 3,"Today we lost another hero and still some people believe that #covid-19 doesn't exist . Rest in peace 
 #ุฒููุจ_ุญูุฏุฑ","['#ุฒููุจ_ุญูุฏุฑ', '#covid']",
"Ismaรซl Maatouk, MD MPH",Aug 3,"I am not convinced with the study about detection dogs as a help in the detection of #Covid_19 by sniffing axillary sweat samples: sample sizes are small; scientific evidence is not clear. Why did Lebanon decide to adopt it in the era of PCR? 
@MicrobiomDigest",['#Covid_19'],
NGKay,Aug 3,Any news about extending the lockdown? #Lebanon #Covid_19,"['#Lebanon', '#Covid_19']",
maya beydoun,Aug 3,"Let us beat #Covid_19. Let us achieve the #SDGs. 
@TheUNTimes
 @UNDPArabic
 @UNDP
 @UNDPArabStates","['#Covid_19', '#SDGs']",
drmirnanassif@edu.lb,Aug 3,"Des tisanes et boissons chaudes contre le Covid-19, sรฉrieusement ? https://youtu.be/EnlbYlpWFfI via 
@YouTube",[],
Sarah Sfeir,Aug 3,"No end in sight for #Covid_19 ... okay, now what?",['#Covid_19'],
Nicole Assaf,Aug 3,"#ุงููุฑุถ_ูุด_ุนูุจุ ุจุณ ุนูุจ ุชููู ุงูุตุจุช ุงูุช ู ุนู ุชุณุฑุญ ู ุชูุฑุญ ูู ุฏูู ุฃุฎุฐ ูุงูู ุงูุฅุญุชูุงุทุงุช. ู ุงูุนูุจ ุฃูุชุฑ ุฅูู ุชููู ุณุจุจ ุฅุตุงุจุฉ ุญุฏุง ูุฑูุจ ููู ู ูุง ุงูู ุฐูุจุ ุฃู ุทุจูุจ ุฃู ููุฑุถ.
#WearADamnMask #SocialDistancing #Covid_19 #Lebanon #healthNerds","['#Lebanon', '#Covid_19', '#WearADamnMask', '#SocialDistancing', '#healthNerds', '#ุงููุฑุถ_ูุด_ุนูุจ']",
Ron Farra,Aug 3,"Where is the 
@WHO
 ? #coronavirus #Covid_19 #COVID19","['#COVID19', '#Covid_19', '#coronavirus']",
Joelle Bassoul,Aug 3,"This 
 summarizes the governmentโs failures. A resigning minister acknowledges obstruction to reform & another who should be the 1st to go given his catastrophic handling of the #COVID19 pandemic plays the blame game. All while #Lebanon descends into hell.
 #ูุจูุงู #ูุจูุงู_ูุญุชุถุฑ","['#COVID19', '#ูุจูุงู', '#Lebanon', '#ูุจูุงู_ูุญุชุถุฑ']",
Lina Boualwan,Aug 2,"#Covid_19 is not a joke! There are heroes risking their lives daily, away from their families and their loved ones to fight the pandemic! 

#beresponsible #WearADamnMask #WashYourHands
 #SocialDistancing 
 @melhimaa
 @nytimes","['#Covid_19', '#WearADamnMask', '#WashYourHands', '#SocialDistancing', '#beresponsible']",
LebRelief,Aug 2,#Covid_19 #WorldBreastfeedingWeek,"['#WorldBreastfeedingWeek', '#Covid_19']",
invadersinbeirut,Aug 2,"Photo by 
@ElCheikha
 Take a picture of a mask or glove, name it, post it and tag 
@invadersinbeir1
  #invadersinbeirut with your location to help protect the environment #photography #photo #covid_19 #mask #glovesโฆ https://instagram.com/p/CDYM6uzJUBK/?igshid=1vbnko6qkjnh6โฆ","['#mask', '#invadersinbeirut', '#gloves', '#photography', '#covid_19', '#photo']",
Rana,Aug 2,"To stop the spread of COVID-19, we all need to play our part. Help protect those who need it most#WHO 
@MakAishaSchool",['#WHO'],
Dr.iman chweikh,Aug 2,#ููุฑููุง #Covid_19,"['#Covid_19', '#ููุฑููุง']",
Youmna Sherry,Aug 2,"ุงูุฏุฑู ูููุฐ ุงููุงููู ููููู ุนุฑุณ ูุงููุฑู ุฃุจู ุดูุฑุง !  ูููู ูุชูุฑ ุจุดุน ุจูููุฉ ุงูุนูุฑ ููุงููุฑู ูุง ุจุชุณุชุงูู ุบูุฑ ูู ุฎูุฑ ุจุณ ูุง ุฑูุช ูุทุฑุชู ููุชูุงุชุง ุฃู ููุงุฑุจุนุง !
#Covid_19 #ููุฑููุง #ูุง_ููุชุฌูุนุงุช #ูุจูุงู","['#ูุจูุงู', '#ูุง_ููุชุฌูุนุงุช', '#Covid_19', '#ููุฑููุง']",
SaM,Aug 2,"So we won Serie A with a covid-19 performance, how useless are Nazio and Inter Cunte ",[],
Rouba Haddad | ุฑุจู ุญุฏุงุฏ,Aug 1,"ุงุดุนุฑ ุงูู ูุฐุง ุงูุชุจุงุนุฏ ุงูุงุฌุชูุงุนู ุงุณูุท ูู ุงูุงููุนุฉ ูุงุบูู ูู ุฏุฑูุจ ุงูููุงู.
ูุง ุงุฌูู ุงููุญุฏุฉ ูู ุตุฏููุง ููุง ุงูุจุญ ุงูุฌูุนุฉ ูู ููุงููุง.

#Covid_19 #ููุฑููุง","['#Covid_19', '#ููุฑููุง']",
Abed Yehya,Aug 1,Nothing new except the fact that it is recent. #Covid_19 #foodsecurity,"['#foodsecurity', '#Covid_19']",
Ali Khansa #WearADamnMask,Aug 1,Crisis - hit hospitals could collapse in a fortnight as the country sees a surge of infections. #COVID19 #Lebanon,"['#COVID19', '#Lebanon']",
See-Love,Aug 1,"โEarth has no sorrow that heaven cannot healโ
.
.
.
#skyline #boredathome #lockdown #coronadays #covid19 #thistooshallpass #marble #lampshade #staypositive #bluegreen @ Beirut, Lebanon https://instagram.com/p/CDWCJYQpHGU/?igshid=1lhgzsrotr1oxโฆ","['#boredathome', '#staypositive', '#lockdown', '#covid19', '#lampshade', '#thistooshallpass', '#skyline', '#bluegreen', '#coronadays', '#marble']",
Reem,Aug 1,"Status: 3am etraja ekhte tedhar ma3e because ma adra ukhtulet ma3 hada. 
 
thank you covid19",[],
invadersinbeirut,Aug 1,"Photo by 
@sar_khatch
 Take a picture of a mask or glove, name it, post it and tag 
@invadersinbeir1
  #invadersinbeirut with your location to help protect the environment #photography #photo #covid_19 #mask #glovesโฆ https://instagram.com/p/CDVgEFNJgu1/?igshid=hnx18weqt7hwโฆ","['#mask', '#invadersinbeirut', '#gloves', '#photography', '#covid_19', '#photo']",
Alida Mansour,Aug 1,ูู ููููุฉ ูููุฉ ูุนู ู ุงุณุชูุชุงุฑ ุนูุฏ ุงูุฃูู ูู ุงูุฃูุงู ูุด ุทุจูุนูุฉ! ูู ุฃููุงุฏ ุทุงูุดูู! ุจุณ ุฃูููู ููู ุจูุฎูููู ูุฑูุญูุง ุนูู ุญููุงุช ุงูุชุฎุฑุฌ ู ุงูุณูุฑุงุช!ุ #Covid_19 #ูุจูุงู_ูุญุชุถุฑ #ูุจูุงู #ูุจูุงู_ูููุงุฑ #ููุฑููุง,"['#ูุจูุงู_ูุญุชุถุฑ', '#ููุฑููุง', '#ูุจูุงู', '#Covid_19', '#ูุจูุงู_ูููุงุฑ']",
Dr.iman chweikh,Aug 1,"ุจุนุฏ ูุงูุตูุช ุงูููู ุงูุฃูููุฉ ุน ููุฑููุด ุงูุฑูุดุฉ ูููุนุช ุงูุชุฌูุนุงุช ูุฎูุตุช ุงูุฏุจูุฉ 
ุุดูุญูุง ุงูููุงูุฉ ูุฃุฎุฏูุง ูุงูุตูุฑุฉ #Covid_19 #ููุฑููุง","['#Covid_19', '#ููุฑููุง']",
Ali Baraket,Jul 31,"#Covid_19
#ุฎููู_ุจุงูุจูุช
ุฒุงุฏูุง ุงูููู 224 ุญุงูุฉ ุฌุฏูุฏุฉ ุจูุจูุงู ","['#ุฎููู_ุจุงูุจูุช', '#Covid_19']",
Raja Aboulmona,Jul 31,"ุจุนุฏ ุงูุงุฑุชูุงุน ุงูุฌูููู ุจุนุฏุฏ ุงูุฅุตุงุจุงุช ูู ุขู ุงูุงูุงู ููุณูุทุฉ ุงูุญุงููุฉ ุงููุญูููุฉ ุงู ุชุนุชุฑู ุงู ุณูุงุณุฉ ""ููุงุนุฉ ุงููุทูุน "" ูููุง ุฎุต ุฌุงุฆุญุฉ Covid 19 ูุง ูููู ููุจูุงู ุงู ูุชุญูู ูุชุงุฆุฌูุง ุงููุงุฑุซูุฉ ู ุชุนูุฏ ุงููุธุฑ ูููุง ู ุงูุชุตุฑู ุจูุณุคูููุฉ ??? #ุนูุฏ_ุงูุฅูููุงุฑ",['#ุนูุฏ_ุงูุฅูููุงุฑ'],
Edmond Rabbath,Jul 31,"La ligue des moutons remercie le Covid-19 qui, cette annรฉe, leur a รฉpargnรฉ un massacre humain.",[],
Nesrine Rizk,Jul 31,#COVID19 and #children #school reopening and community transmission,"['#COVID19', '#children', '#school']",
Dr.iman chweikh,Jul 31,ููู ูุงู ุงููุดูุฏ ูู ุณุงุนุฉ ุนูู ููุฑููุด ุงูุฑูุดุฉุุณุฃููุง ุนุฏุฏ ูู ุงููู ุนู ูุนูููุง ุฏุจูุฉ ูุงููู ูุด ูุตุฏู ุฅูู ูู #ููุฑููุง ุจุงูุจูุฏุูุจุนุฏ ุฑุณุงูุชูุง ุงููุจุงุดุฑุฉ ุชุญุฑูุช ุงูููู ุงูุฃูููุฉ ูุจููุดูุง ุงูุนุงูู ููุฑุจูุงุุงูุฃุฎุทุฑ ูู ููุฑููุง ููู ุงูุฌูู ุจููุฑููุง #Covid_19,"['#Covid_19', '#ููุฑููุง']",
elie aoun,Jul 31,"Lebanon status 31-07-2020:
224 positive cases
2 deaths

#Lebanon
#Covid_19","['#Lebanon', '#Covid_19']",
Patrick Elias,Jul 31,"If the sun can kill the Coronavirus in 30 minutes, why not also kill 30 year old viruses as well? 
  #ููุฑูุณ_ููุฑููุง #COVID19","['#COVID19', '#ููุฑูุณ_ููุฑููุง']",
Linda Al Kaoury,Jul 31,"Adha moubarak ร nous et ร vous tous !
Adha moubarak for all of us, for all of U !
ุงุถุญู ูุจุงุฑู ููุง ูููู !
I wished to go this year to the pilgrimage but #COVID19 didnt let me
#ูู_ุนุงู_ูุงูุชู_ุจุฎูุฑ #ุนูุฏ_ุงูุงุถุญู #ุนูุฏูู_ูุจุงุฑู #ุตุจุงุญ_ุงูุฎูุฑ #ุงุถุญู_ูุจุงุฑู #GoodMorning
 #Lebanon 
#world
#God","['#world', '#GoodMorning', '#COVID19', '#ุตุจุงุญ_ุงูุฎูุฑ', '#God', '#Lebanon', '#ูู_ุนุงู_ูุงูุชู_ุจุฎูุฑ', '#ุงุถุญู_ูุจุงุฑู', '#ุนูุฏ_ุงูุงุถุญู', '#ุนูุฏูู_ูุจุงุฑู']",
FOUAD TAHAN,Jul 31,Your risk during COVID-19,[],
Firas N Bou Diab,Jul 31,"WFEO Flash Info 35 - July 2020 > http://bit.ly/3hUj7Yv

#Engineering #Webinar #Engineers4SDGs #WomenInSTEM #Engineer #globalgoals #sdgs 
@GlobalGoalsUN
 #COVID19 #HLPF2020 
@OfOrganisations
 @FEIAP
 @INWES_Global
 @isostandards
 @WGICouncil
 @UNGGIM
 @UNESCO
 #WFEOWomen #Agenda2030","['#sdgs', '#Engineers4SDGs', '#WFEOWomen', '#Agenda2030', '#COVID19', '#WomenInSTEM', '#Engineering', '#globalgoals', '#HLPF2020', '#Engineer', '#Webinar']",
